TinYBooM1223,512,1
FUGCHVJHV,084,3
沐怡蒂熙,229,5
ErfanimOffical,101519,2121
玛卡巴卡唔丶,06,2
小荣华青啊魚nana,19,3
星河漫漫_Meteor,06,1
老炸鸡,13195,880
火火-R社,1312,1412
okayyyyy,022,2
TinYBooM1223,512,1
FUGCHVJHV,084,3
云音乐智能推荐,43,50049
网易云音乐,16926455,99999
KillBunny,126,21956
______飏,160218,2909
孤单又灿烂的神丨鬼怪,10347,4036
chaz1,3256,33566
Lscheese,5097,4809
宸极Cody,0110,2663
我鲁班不坑,261,15227
沐辰style,268,2145
Vxe-,695,932
HUMAN00,158248,28212
RJH国荣,19,1677
冷森Listen,44117,18142
3KALIA,1756,1606
宝藏男孩咕咕,418,2505
想养金毛的Apple,1026,10953
野猫不乖哦,02,399
mayuko然,142619,186994
w柚w,378,1013
爱打篮球的亮亮,710,1515
Dexter_RV,322,449
茉瑾年,12118,7139
k二月来的洛瑶,17129,795
柠檬木有枝,2652188,110971
yxich01,30182,990
爱老薛的坨坨,011,337
金州拉文fmvp,122,1198
陪雨柔长大,03,1015
Amber丶Queen,7447,13019
DISABLEman,8797,2083
念念念安娜,4842,9139
希望你每天都快乐yo,12,118
妍橙儿,05,1742
喜爱吃糖的小小高,047,420
活该你风生水起,26626,76883
大白分享库,115,293
少年的半岛铁盒,582198,15596
爆肝工程师的狂想曲,28743,6573
时寁,1027,595
惜白啦,56,571
她的水彩笔,42666,38731
LEYOONAFRIEND,04,4521
今晚磕到死,764,599
欧美老猫,1762319,12545
迟到得到,5916,6473
这眼前美景与谁叙,6106,309
ZRBSX,353,451
超爱吃火锅的o,14,83
Avada阿瓦达啃大瓜,2185,1811
NeilShine_,899,3194
西柚甜,1150,8966
小sun是太阳,12,340
却与蝉声乱了琴,02,159
螚安Vivienne,24080,50477
假衣,210,260
你的温柔既残酷,1782,577
半颗番茄xi上学中,15,188
-Miao猫丞丞,7648,118
陪我去抓水母好吗,26,1030
一生向海,186140,7270
FlyingClub,14422,21628
shakemyhead,189101,21564
Q子阳,112,152
Miss风范,8129,3014
-KooTo-,23771,48862
YouTube视频推荐,811119,597115
宁遇夏,281118,89748
喪甜老爹,00,10707
雨露xixi,711,220
点落雨声轻叹,08,22
-情殇雨夜-,7218,11496
You和Basketball,08,273
Kaleidoscott,7774,3303
小攀哟,371155,153545
Gotnofears_Show,252,173
小铁Joe,6143,14051
小耀AAA,24,1671
柒柒柒如是,4623,234
gentlemenc,112,206
于_怀_,414,179
小豪小豪是个乖宝,751,9635
濑红莉栖,614,1368
一只傻高天,45,354
桑菲尔德L,3219,3135
十三逆旅Cobain,11440,3488
仇远旭a,01,36527
好好啃书,1119,328
NickJonasCN,795137,3456
欧美音乐杂货铺,5242429,20934
SIRTEEN_Beijing,13196,4879
金暗洙,35100,15262
JeanaChong,17811,253
Audrey江挽,1195,177
--仙气撩人--,5019,240
宇宙徒步旅行家,747,9311
Ceaoee,18430,13330
还找得到吗,189,233
Joceah,7103,527
Gucanbt040,02,189
远房小姑,25,134
大祸祸-二文,9000,63009
楼船夜雪天,1028108,8037
余志枭,052,129
灵魂超市收破旧灵魂没人要的灵魂,36277,13282
樱桃味音乐,41515,7218
李小楚,4323,413843
云村_阿宇哥呦,10,146
格格酱GG,1710,5295
逗比笑一个n,130,139
航鶴鶴收藏家,54130,1466
爱吃饺子的毕业生,22141,5014
邹海国,109,50
EricCheng-,11287,6733
许硕安_,23,168
oreo灵,531,2371
谢宇航啊,30444,95
下一颗巧克力,79477,54678
情思天鹅,476242,256101
云音乐歌单之友,892238,207950
迟到情书,35121,94317
小困吃饱了-,3712,173
Double_TRAP,02,1
不哴酒精嗜号灯,5117,189
山河暮归,27101,12212
田秋飒,136117,1972
欧美驿站,05,14
TeMpT-y,114,649
艾琳艾德勒丶,274161,87203
兮香,49,1393
璎璎qaq,04,205
cwyxbmlike,44,48
抖音小程序,44,211
赛赛尔啊,1248,1170
陌路繁华-,983372,7650
NickyRomero,754288,74672
博儿要努力奋斗up,32,195
倒闭的才华有限公司,624,211
鹿北浠,9749,10407
原点FM,60280,220639
温柔网友随心先生,01,155
_卋罖_,70,97
TaylorSwiftUpdates,133839,10469
soAoAyEDM,2144423,20461
Sauce420,24218,843
超级喜欢喝可乐,03,3
梵浩-,010,50
酥糖今天笑了嘛,06,131
-nullllun-,00,5642
你尽管哭有人安慰你算我输,19,230
dd只会嘤嘤嘤,0107,126
BAEK-J,3737,9637
pure日月,173987,54398
Papi_Yolanda,322,49
梧桐影木丶,3435,1139
早就不i了,10,241
Areal肥阳,665272,53393
仲山奥理,4686,200
没有茗梓,011,60
荒墨Kurihara,109105,18667
谐星七十六号,691432,8379
师兄不叫思松,87202,6873
olly的牙缝,147135,40509
DEF-X,2105,187
迈克-W,17,1274
白羊爱上了双子,610,153
Babyheart2,1115,15
言云清,370,112
欢欢-e,00,177
pppeepsi,1117,103
Thunder_bee,291221,1509
傻傻傻傻傻了,2860,14512
DjRcheng,462,936
星空君说宇宙,05,894
尤文杰BBLin,4895,890
Nurali-FM,61763,2118
SaSaSNSD,213,49
你是人间失策,06,298
hentai小绅士-,24124,5456
时光如水你好,1626139,36848
DJstrong,11,68
可你怎么总是忘记我很爱你,23930,20058
不知名追星少女,127,102
宇宙播报机,2397,1124
蝶影丛虫,053,20935
Hu-cares_,11,44
传说中的蛙神,027,20
节奏水枪Beat_WaterPistol,011,1515
鱼骨与飞鸟集,736,12067
酒心怪獸,51810,815
YoakeNatsu,2175,4766
麦月二七_,1317,71
hhhiiiioo,04,4
流亡大街,3180,4568
Monstercat,111050,83051
含着别吐,170,318
OedoKuipers,2072,127
喝勺你的蛋白粉,15,669
望你眼中风起,55143,11398
ClairoToday,964130,4480
吴爱星双子,02,429
乐瑥x,1562,349
正在高考的VY,056,8251
Aog君,37,746
幽情花儿开,04,20
自问归处,03,51
哔哩哔哩音乐娘,4378,22389
喜欢就关注鸭,7713,9056
无法阻止自己堕落但浪漫不死,54,170
salaMu_,29113,633
拯救世人的逗比,024,64
空气很颓废,67870,46334
听说你也在等雨晴,13,477
TRIPHOPP,16161,405
执白j,1421,59
宇智波Show,1139,1272
雪佛兰迈锐宝XL,02,99
LARE季风,025,87
-crystall-,85,136
阡屿_,37,47
原创君,7555748,528739
xylitol-x,217,256
LovelyWICK,287337,1725
百龄容与,1444,145
长夜看海,1610,11918
Re-End,119,149
Spyromun_,587,7045
郭峰瑞Rui,59,1188
-XxxGreyen-,11467,7455
吳-文-樂,371041,207
MusicalTimes,5031111,30550
小石头叔蜀,321,94
硬地原创音乐榜,5640,8068
烈雨,836325,80673
国风堂音乐企划,13916,358376
会是猫的薛定谔,1913,178
HHHHalsey,28132,141
YellG-,10127,88
冻鲫鱼,4564,656
六年网易人,32924,4390
浩酱w,01,396
你今天真真真好看,2743,2765
宝藏男孩Simon,6593,1160
隐匿于蓝,1229,2321
Eliaukjuly,1482,30
独钟花臂啸_啸爷,718,140
LeoOfficial,11785,8440
生活委员,2053116,11230
糯米小鲶鱼,011,68
苏打_苏打绿,914,611
何木期,03,573
夢燈籠-Cc,518,65
修行者之虚无,58,44
喜恶灵_,10,84
G1ockieD,47,63
2020最流行抖音歌曲,85,42
A-Yari,142219,7790
EdgarBob,427,27
早安达人,180,3
湫川,1123,95
佐仓小小千代,543437,63050
剑仙xg,94,323112
池予xing,054,51
心动TroyeSivan,16162,45
峯哥牛逼,1913,715
小羊爱喝安慕希,39,59
蜜糖男孩,8016,6409
唯梦小战神,011,53
__八臂哪吒,11,133
你说是吧张小姐,013,203
CohenPu24,1975,76
摇滾乌托邦,855,28189
盼你多添一笔,21,90
Avendure,1619,103
-秦琅-,06,36
XXXSUICIDE,1128,143
辭別九州190127,3018,27
爱听歌的狗大叔,4810,17836
归航有时,1225,150
是在偷看月亮吗,1258,41
陈易大叔,04,37
战1辞噗噗噗,00,195
钟泽希,3354,22920
君子别动口,1011,63
橘子味儿的小笼包,105,14
GnaScheY,1616,227
小小洛NaMI,36160,41
西门子家电,00,101
Spectual,3448671,31177
Nurfefe-official,7526,11237
顾奈文案馆,11575,3983
音乐收藏者010,073,77
海绵宝宝不喜欢黄色,1327,14
Galaxy银河映像,377,170
沐歌0720,654357,187
纸长情短1998,2025,26
i看美剧,5924,5323
fantab01,3528,169
贩卖故事的少年,22119,2567
浪漫仅供参考,5744,1341
KarmaTenzing,35,514
ChelseaLucifer,056,5
后原,380,6380
TJ_KING,10112,1787
_wy彩x,1621,41
是社长吖,333355,173787
后现代养猪专业户,1370,261
糊里糊涂的傻妮,517,62
奈小乐_CIwd,257,66
小晗爱吃鳗鱼饭,1178,1099
抖音热门中文DJU盘,109,45
白搭a,219,21
Kite汐倾,136,117
隔壁佬郝人,1225,131
秋月和诗,4046,2403
久我山不是山,101,516
羊羊小毛衣,013,3407
网易音乐人木然,2225,2979
路游里,149,5061
叫我温老师,1543,1180
予妳晚风,62,2754
稀饭奶盖-,2025,1200
WandWOfficial,5203,212052
野比沁沁,18413,285
独行的棕鹿,92530,111574
月溪影月晴,13,73
天不生沈小巍,02,50
鸭头_张辞慕,016,80
硬体PlagueOutbreak,25188,2363
我自清欢丨被嫌弃的唐唐的一生,158428,4891
你在我眼中真的很特别k,45,24
艾克-Aik,312,223
围豆,224,10
MaYX呢,319,50
井頸,16,47
loupurple,490,959
我没有熬夜,01,1190
云音乐樱花酱,40610,33298
真草莓味鸡胸肉,21892,4397
以顾淮,211,45
Hama啊,698,42
浪漫散文诗,4999,1069
酥先生在吗,01,341
小街那愿,523,58
充气马桶,238,116
奈奈生晴子,2529,40
烟紫色的猫,2773,50
张斯麒,1170,11586
AlexWernberg,107337,561
鼻毛壮汉,11572,36
会写情书的老太婆,330,266
王唯灿,2959,655
流年忧光影,4157,42908
YouTube热门日推,10577327,373889
邓蕤桐,261,968
你喜欢阑珊吗,09,30
循光,429374,9606
天才麻瓜少年,2233667,4836
星际怪客-艾斯卡尔和佐培尔,716,58
周二下午八点,5257,490
Tao-YuUp,261,68
仙女爱吃香菜_,04,21
百事可乐中国董事,18,1825
-孟秋廿八,213,61
用户2130026413,13193,224
一个酷爱听歌的骚年,331,27698
与银河对视,103312,29323
WZy_Bi,442,490
若水玖惜,1647,41
白净亭,30022,88269
原来网易云的名字真的可以超级长,2416,148
pop-out,818,51
Charlie_Puth资讯,4029169,15463
儒雅随和LILITI,53282,99
PSYKE_MUSIC,579,5019
K-O-R,13221,3253
爱吃栗子的fairy_,80,52
黄子韬是底线biepeng,00,50
luckyboy周大发,280,11459
翠花花呀,6169,219
DjFoRRay,10704,941
臣服温柔_SUGA,057,495
FeverJ,4574259,5277
帐号已注销,20105,893
芦娃还是小学生,1329,18
草右山一几,016,102
welphenEDM,11430670,835354
Flowing-light-years,124,27
请你一直开心,22154,586
子沫M,16598,1590
小福贵咖啡RICHIE,11413,941
RYON-JAY,70347,1045
Wanune,61,571
风之君临,5146100,23011
梦梦超努力,021,44
_今夜月亮邮递员_,017,29
听说你在等风起,12,79
花花甜莓日系,049,54
曲库小护士,155256,147119
薛定谔的缝纫机,645157,50345
拓荒者2015,196295,90
shu舒克_,143,553
杂七杂八_NXC,067,22
冷艳争春喜烂然,453395,82
仍未飘落的雪,16475,170
zhaoshuya-,03,43
OKeith,212106,1063
你也不曾忘记吗,050,22
Ferhat吸血鬼,161,2313
AOSAEK,342,44
鹿白川,86224,128440
霓虹小知音Nihonico,55126,6139
江辞超nice,12,14
君若一盏清茗,8434,1493
錦篞学妹,1034,50
intropinrevivan,924,7931
来大碗香菜,069,37
欢酹,4043,4414
Kolerchn-,7494,1606
菠菜含有铁,49,9
Enwar-722,29519,1745
-----Vincent----,19010,78
正在数月亮,84102,45
岛屿Soliloquy,584125,19406
5938ruzi,119297,82
Bzstrive,2772,3500
ARMyphoria伊柾,86653,1414
Jo太_,064,14717
恨禁,361,4725
初萌子,91185,457
Slim_Dyane,1433,2007
苏奕杰,5625,10933
阿麟等佩奇的爱,013,29
喜欢处女座的说唱歌手-孟琦,2874,3498
柯迪基柯,146,113909
清晨丢了,529,481
Unexplainable,686288,4671
高呗,019,58
Junopple,1419,68
Sanubar_Tursun,1140,22322
RNG子轩,1745,21
攀狼Sir,316,644
小调调DT,45,35
ChokeWhale,546152,4658
-蓝脖积泥,09,33
安瑟尔ii,9017,909
lilcool19,04,78
Fu疯狂犯罪ck光哥,223,29
gioanna,2173,190
Yxxxi_,077,33
性案,00,758
卡哇伊哦a,174,92444
薄荷猫晒太阳,716291,14753
亟待解决66,116113,299
minnn1801,364,101
lyovte,322,11
叶逐天,711284,6872
Pistazien,57269,14735
红毛要九_biu,40321,1064
TExxv,1162,1926
ZONEWEE,47,35
飞行棋的猫mor,7511,6049
Z-Y-04,01,20
Blue_sky_smile,24,6
AJklf,01,55
Aa丶冰雪碧,011,4
叶航成女友粉,234,27
Ablajan-Awut-Ayup-专享营,123,265
萌娘Max,89593,1325
GdistanceY,38,23
有容01,1927,258
ServerHeng,47223,61
海岛度假Santorini,3658297,39202
AK爱小妹妹,01,11
alim_721,40,53
林寒叶,14,21
S安奕,045,44
fffffeb,911,29
babeejoey,1872,47
消逝的洛依成,038,3055
铺垫先生,245130,547
愿唯_VdmR,115,22
流云薇眠0114,90,41
临l城,933,46
G-DRAGON--_-,138,17
是耀温顺,677,147028
PB火云,240,29
荞荞荞麦面,130,12
JazzLove,1034,2821
是月月哦QWQ,1016,1030
一桶热可可,8258,946
NiezzZzzz,19,483
Vincent梵高先生,89,42
老爹揍扁了阿福,9144,29
华晨宇全球歌迷会,4918,58207
四季里的懒睡猫,113,6041
我们再重蹈覆辙好不好Re,018,253
MARIA-HILFT,845,26
雨秋-昴子,197156,2592
别忘Ctrl-s,1339,47
蘼桜,22823,5409
只是一只小猫咪x,1330,33
真咸鱼饼干,222,917
烟雾男孩Smogboy,6148,155
c17869,02,95
熊肉日记,2039,55
黑马音乐秀,1728,910
lovzeros,1221,704
Whas_up,517,132
Kesha_EDM,320286,1322
SCARBOIT,0124,34
qhostbaby,24,31
HolyGrail98888,801,9571
Deosi,181,31
JoeyKim,13,14
l友人B,12431,1419
车车车车车车贤啊,114,21
大锤Hammer,035,673
CallMeProphet,4716,669
NULL-DreamKiller,12073,167
炸肉,559,18
jens_peter,2658,15
奇怪的猫先生,139,5
FunYH-,414,54
舒芙蕾蕾蕾,32,3
munjeongyi,221,4
少女掠夺哈_木马,29143,170
天神院院长,8197388,5149
好喜歡譚譚阿,216,29
帅的SHT,1236,810
月亮解忧店,402172,23006
不弧,11,4251
Aimee_玉儿,04,2
Tetraethyl-lead,020,9
芣婹谁唻怜惜,012,25
SanderVanDoorn,6191,3664
玫lin,1046,8
Ekko-7,429279,5991
謬湝,1716,8
我爱洗澡我爱洗澡我爱洗澡,017,13
ks搜索还在,06,16
养猪的小王啊,18,34
landsa,42,23
和你漫入银河,14175,357
鲸落遇鹿,195,74
是喪尸,23328,8110
你的顾柒柒_cc,75144,3038
梦芙,78,44
亏普,2806104,20215
Munisa_Rizaeva,28529,28693
_南鸽先生_,193,273
今天和猪蹄一起玩,07,167
良人眷属,010,10
HSY凪,18,351
COAST_MUSIC,3491,8165
COSMIC_DREAM,88,5022
笑脸是悲伤的面纱C,1510,376
Crime-Angel,3257,29
实习秧歌巨星,09,8
GOCHEN4L,1311,19
雪村透,213417,1717
快乐收藏音乐者,845,50
DJRIBBIT,160,39
肆爷宝贝,793,13
feisihnglaai,296,575
浮梵闪亮亮,213,8
江辉巨,03,0
到达终点,1283,2
Rhaast,1433,2178
我要逃学威龙,2153,1137
蚕豆音乐娘,2556,17302
小新星爱听歌,665,91
xxxwizkhalifa,436,28
附窗子酱,657,33
葬月飘零Dovah,729,85
Aelief-东宫,427,215
Dessen_58,25,16
HarkingZhong,3429,2833
Lauv,38510,879671
我有一堆好歌单,749,61
艺术是人优质魅力的体现,220,35
空虚小编,1951408,273978
刘墨言啊,01,9
IrvingBrooklyn,1411,25
小魏阿丶,034,20
郑帝元的宝贝贝,0111,6
大刘在网易云避难,247,36
环球音乐国际部,142378,268946
斯布雷德,151,37
小米渣吖吖,118,24
珩萧雨溪,42339,450
HelloVampire0,3351,128
不着棋,1328,33
尽力局jfx,00,19
陌涵Moan,6315,1609
秋刀鱼爱起司猫,020,8
高旻老公,4443,16797
-弘木-,150666,2799
云村看门大爷,029,11
墨汁r,419,48
Ezekielzz,430,83
吴小夫夫夫,10,51
EVILD0G,18,1503
翩然而至x,631,19
KID_tilXLHI,515,385
BilalEnwer,11648,216242
WLU-Sunny,652,337
mirror镜子先生,1834,405
掌上Club,51,51360
是阿辞辞啊,021,125
K1star_,0148,610
李尸僵,9370,70
死後長眠,03,110
常住在黑名单,08,11
Jermyn-y,627,88
Anwar-Turak,148,814
诺七ya,01,15
苦口师kks,03,40
咖啡影音,907,28440
fragilefairy,13335,89
在山,24,123
甲鱼cjy,09,15
钉钉_cF,04,3
Nicole稚子,247,78
温柔的玖,01,41
浪琴表Longines,03,12
北方易先生,3680,29046
刘路遥小朋友,06,24
杰希不会Outoftune,03,368
我最近又膨胀了,6149,343
Jesse-Qian,39522,224
BeerBadBlood,2053,3576
KIRIN_Music,24250,4172
csthinking,225,18
一只小菠萝__,1512,30
辽宁运气之王,158,730
没错我是蒋印钲Chiang_,444,72
AsuraZ,110,14
亦七r,01,8
决劣,320,5336
张林白,03,3
这首歌让我感到陶醉,00,16
Screensho,125,10
每天过得都像复制粘贴般,741,219
TrapTV,6580,6926
约翰谢尔比A,22,91
ChenGa陈嘎,017,12
jueldz,017,35
chen__AORQ,03,0
飞船集团,23,1
LunarTinSau,08,365
言鸿_,216,15
小小的世界66,125,1133
天黑见,39,308
HGrand,3665,1912
余生xiaozhan,073,181
Cover城南花已开,08,133
今天雷雨大风4-5级,246,5
斑马小说家,020,8
李雨科-lyk,1310,1
puppy的士高,7722,324
送酒十五,2721,727
清风ikk,019,63
西柚_,80375,41422
戴墨镜的白眼狼,03,14
莫离-Nice,416,1507
曦曦追燃记,02,3
桑乔维塞,110,9
九歌南辞,00,7
ConorMcGregor6666,117,14
折耳月,7549,253
uglywhenIcry,141,1202
隐嫟,01,2791
VxxxMusika,22,2
Ormars,264,503
Kingdown133,03,31
天生我儿必可爱,16071,22
不为你MM,353,342
吴非遥,13,4
Kalen邱志凯,1566,1582
LovdX,06,1062
划破天空的归鸟NA,1543,7
祝己年少有为,1912,967
SLDesign,288,1574
国服第一AD西,26,2097
密罗洲,84178,174
R1SE-何洛洛,10,1099
华纳音乐国际,68366,13202
想和你捞月亮,1112,11
杀杀玩,666,24
Nerdynuts,626,93
AliKiroran艾力楼兰,218045,10653
MarshmelloMusic,8478,1313351
TAI乐之声,03,51
BIAO丶ET,212,9
瘦子那么多为什么就不能是我呢,02,7
京东,10,66
分裂小丑在哥谭等你,2042000,165
一里秋和,03,12
极致动听,3086,97
我想到重建星空的可能,2310,199
_xCaG,71,165
密斯特温,21177,10155
废弃谷倉io,1361,66
夏日小熊糖,511,141
libinhao-,110,130
pudding嘟,08,14
_swbl_,1610,18
神奇的闪电猫,212,10
呐彭七岁呐,1466,639
阿帅困辽,23,112
孙宇瑶Grasheyl外加一个小樱桃,26115,703
eStar丶Ser,762,85
Softpi,07,10
Yxxxx鸭,02,38
SkrXun,141,106
某科学的魔法禁书目录,1773,258
说唱HIPHOP,1710,5643
TooSweet-,2426,6
棕鹿与独角兽,4024,4801
GUSTOM_,12273,49
君顾者,012,17
金陽先生,1518,141
Barbell_is_Medicine,450,13
O-5议会,281999,269
拉入深渊,02,3
采薇采薇w,6114,37
是大大_呀,2142,1012
Linskual,012,113
游研社官方,383,4175
--_-_-_-_-_-,22980,81
关月风_CBJ,122,2201
sonofsunofs,618344,539
衾琳儿,1113,112
后期混音找killerJ,79151,2002
你的名字挺奇怪,306,7
yeyiiiii,1260,20
Refl_Official,543,701
Sakura雫,108319,5691
死于街头暗处,06,12
唐汉霄SeanTang,7732,44746
Yzz李轶哲,135274,12914
救赎xxoo,032,7
SplitWorks,10626,34549
小告爱听歌,07,34
纪晨屿,20,1664
大狸子和小栗子,8829,89
方知有xk,15,131
Daisy毅東,224,77
AJIMUSTANG,344,5828
LlKe赵,721,323
Jungle_Official,3550,1935
云音乐VIP,54516,18302230
曾经你许谁的天荒,618,107
__TwChow,04,36
棉花糖Edm,838,180
狸克不是岛主,77,4
CnZjY,2730,93
ablat-s,33111,6183
eeeeezus,4850,129
Jiemarr,1256,408
崔板栗,136,18
乐之拾荒者,2013,120
暖心民谣syx,38,516
空山鹤行,1520,1569
iambeiqing,194,1196
今天也很爱你鸭鸭鸭鸭鸭鸭鸭鸭鸭,03,10
网易云精品歌单,07,319
恋恋故人难,369,49974
不回到年级前20不改名,010,10
Coral-Young,09,8
佐木y,34180,880
工藤吹一,11215,19
你的挽长-,580208,27676
Yeah-Sir,6950,1035
OnderdeAurora_极光之下,349342,1674
Tumurhan-Rozi,225,1489
Cardi_B,139,78
论争,0124,1188
方知清欢,05,19
音凛酱,740,8279
正准备认真学习的电脑,116,4
月漓i,017,7
薄荷猫_Catnip,370112,21117
小桃喜欢陈嘉琦,014,34
EeesARTS,4325,4017
H通过寂静战胜时间,4462,18
CG一泽,137,148
林妹妹也太美了吧,04,10
丛了我,017,9
丨拾壹丨丨,025,53
热血与雷鸣,365,43
大野桑的小汤圆儿,012,50
GreenRiddle-Park,9165,35
倾绩,04,26
别离_故里,05,9
Feillica,228,322
音巢音乐小阿呆,872,76
仗剑肆意游江湖,3994,34
溺水小熊,26380,20540
quasimodoo,557,21
channelBLONDED,824,132
希贝儿Sibyl,4954315,136447
我可能沒法再酷了i,13,107
Gaaaaaaaaaabriel,10,51
落叶秋声_,420,17
相见不如怀念尼,320,161
所念皆星河_ovo,215,31
囍同先生,219,2729
毛亦周,469,11546
蔓蔓z,011,18
躲开温柔的海,1153,252
呆橘花胖子,1262,15555
NANAMI_yvonne,511,201
YaphetS-God,115,2
郑瑶233,07,4
翻滚吧蕨根粉,81,8
随便吧-_---,029,3
-StarLightKim,02,13
四季的音乐,5199,57
川上赴野_e1KT,07,9
xinaxixixi,11,37
你的小太阳鸭,377,24
獨鎵誋憶,5195,8304
朵莉丝suki,08,20
我是追逐落叶的风,219,2
想韵了,01,801
容嬷嬷_Zvu3,03,1
SherlockkkkkH,143,546
芊柒子,019,7
hutongxx,828,6
Comiah_Yip,4117,359
等你0506,303,299
卑微弟弟,00,387
音乐人张战东,280,487
青草香氕___,023,20
AloneSking,2222,573
wawa明天绝不晚睡绝不上课迟到,711,319
是你沙雕网友,872,12
图文投递站,3275,529
酷酷_LG,111,191
Ghost-Prayer,033,6
Darcy_letter,4247,286
沐沐muma,06,3
DJRiRi_,00,159
Ost李优秀,4176,1283
我阿帕酱又回来了,047,5
X-K93,16,8
angelli1013,03,0
咕噜咕噜v-,00,54
Hugo阝東,28,336
roku76,023,3
稀里糊涂的1908,138,11
Mr-travel,4137,239
森澈Sensen,661,364
鹰典,09,4
教务老师01,57,21
Keyy_sky,2366,117
武玉航,817,4245
中極殿大學士,740,37373
理性的感性女孩,554156,132
陈陈陈小絮,11,6
Coisini的网易云,11146,24
Whoamiii-,128164,413
金色艺术家,144,173
靖纪棠,639,302
NekoNoir,418,341
偷偷的叹了口气,78154,2825
AKA_白鹤,7068,1490
Jackoul,04,2
ewqswj,126,148
网名太长影响跑步,16,210
lulu的青口贝煮六月天,1936,231
Ckeiiiii,047,16
黑猫君今天在画画,111,69
Heazler,05,775
YoWanCong,726,21
AABBWHY,87,2
Belle蓓菈,212,4
英格兰的童话,14307,268
星际小罗罗,35,3
AsunaIove,35,9
LolaCoca_Official,2414,56121
索尼音乐娱乐,30439,6454
NOPULSER,27,111
MeTRo____丶,3924,541
chaierprime,0124,20
Ablajan-Awut-Ayup-资讯站,9027,14621
王巍爱听我的快乐,1456,3
黑小孩C_,2093,88
宇宙里的流星只剩下这一颗,74101,63
Pinerry,212,26
你是属于我的小可爱,116,108
纵我不往_er,25,2
不正常人类研究中心负责人,30,137
siyisyz,109,130
ruru桑,9375,43
clown-joker626,07,3
苗焱森,16,9
泰勒丝不打残夏我打泰勒丝,021,10
冉釉,08,34
NickiMinaj中国歌迷会,14100,22035
AbuduOfficial,183,14545
琉璃千千,1315,124
imAiden-,18,12
Pomegranatea,1038,2437
TheScoreMusic,704,269291
deadmau5_Music,103,89019
大松宋嵩许,1829,12
SG丶我叫张坏坏,172,55
繁星文化,162129,59767
solitary-_,2466,68
駃楽水,019,10
TerryallthewayUP,15,426
MattuRsuN-Mattohti,791,2951
轻松调频EZFM,84,481
徐妙心,13,6
TheFatRat_Official,26810,647537
卡塞蒂大副,016,4
钟声,115142,1990
几凡呀,237,37
被神明寄托的力力,615,57
不爱阿菲的我不爱,1161,209
BadBoy小伍,137176,44
老J-饺子妮nn,022,1
HospitalRecords,18563,873
网易音乐收藏者丶,36,4
顾甜书,830,47
动感101,02,3639
月亮錯覺,1541,329
与月亮说晚安--,189,8
球球球啊啊啊啊,2425,11
-Pony_Boi-,037,30
AliMov-Official,233999,4074
糯米奶糖糖,283,2611
PLATONIC-梦清的理想国,4133,911
LANY_OFFICIAL,6029,124059
Doki少女鹿安然,5511,4160
Last_flowers,44,5
VARERED,916,785
侠侣亲子游--许天准,16,1116
鱄小鱼,3428,2349
耳边呢喃Y,340,9
TimmyTrumpet_Official,105361,177745
莎士比亚书店,2743529,74664
佛系电音文化研究所,37369,5536
因为星星会闪吖_,1024,4
星晨的旋律,2253,35
小薛鸭鸭,63240,731
TaylorSwift头像站-IU,83747,43614
Ms笛笛sM,013,24
PrettyOrange,04,3579
混圈男孩Isaac,1551,319
LYtongKeepItUp,014,6
上官丶天清,2185,50
今天LesMis来我国了吗,15084,167
VAVOmusic,623,1133
LucasAndSteve,48912,34309
澈月清秋,016,3
Komorebi_Wei,5047,42
一只喵喵喵星人,3021,23206
哥哥要喝排骨汤吗,317,3324
人格分裂重度抑郁患者,1257,129
ezkielyp,012,13
dj---kapsiz,52111,2109
开着音乐坦克去上班,02,5
欧美集,991,4128
Eeeeeeee_1,32,3
无能狂怒莫得理智,06,4
想要盒乐高,125,4
道一句晚安吧_ab,025,23
SUS_BOY,1480,20
晨chen_Fizk,02,6
KFM981,18913,32334
橘里九间,6039,114
bref小姐,7134,740
千秋寂冷,14445,21
AsAbsurd,3941,34
TayAriMi,3140,19
_KiKi-_-_,02,30
无名之马,524,33
Astralwerks,14523,639
EkaliMusic_Official,194,4412
青年蒸气YouthVapor,04,4
IMG夏天,010,165
--mellogang--,488112,124
陶白白33,04,5617
MADILYN_official,1453,1196763
小聪音乐分享,01,10
广西曾志伟,03,6
美剧小玫瑰,11,29
蒋丞男友,48,49
西楼满茸,9123,10
bpoq,234,34
迪士尼在逃公主_J_,14,30
白鹤_qWzE,0157,18
Rearrange__,1052,24
叫啥名字好呢-_-,26,0
Bilibili_一只天上的大萝卜,781415,161
114行星,030,4
Im卖保险_,00,3
LAAAAPIS,0134,7
外星人42,2234,110
TryHarbNinja,911,67
新疆Dj-Remex520,201,24409
小凯哥-丶,105160,4781
叫我啊星就好,05,456
想吃颜色好看的食物,3314,75
波多吉野菜,05,2
落日飛車樂隊,254,737058
l肥宅快乐水,05,4
宫洺先生_,05,9
爱吃酸皮奶的现老婆iu,411299,1074
汽水小姐_,19,95
biliibilii,516,13
BeritBeritBerit,032,7
matilda007,1710,6
LinkinPark资讯站,825113,5625
kooooooooo_,04,2
望仔和望仔,019,14
晚川_xrBI,015,6
Doksana,1821,23
RICHMAP,3881,966
别去烦人,846,70
吴阿嬷嬷哒,14964,317
抬棺小孩,02,19
Coronetz,4391,124
Foale,159,304
Shirley-Chan79,19,3
易烊千玺OAO,217,26
LouisTheChild_Official,283,6280
柚子_Ocha,5573,13
邓狠狠,05,1169
猪头少年_小十九,1024,585
家具城战神,444,6
幽蓝韵樱,736166,21048
抓到太阳啦,16,557
Sam_Hunt,03,2604
阿璃哟,03,244
图南nj,022,10
梦珍小妞,03,1
DeDuff,03,2
贝贝徐,176,6
youngbadgalsarah,120409,117
inlalaland-Y,2496,47
TitaniumJane,047,4
婧錒婧,036,10
龙心Kristina,127,323
稗___,06,9
欧阳鹏oyp,7027,649
林廷升,1935,14825
是罚哥,26,1457
SlushiiOfficial,5018,93313
是太阳不是电灯泡,06,8
中世纪的演奏,223,55
ItsnotChristine,69376,77
拜托别网恋,11,165
别让汤姆抓住你,00,611
troyboi_music,2001,152536
yinwalone,9568,27
Jersey_ol,05,0
柒-pxy,610,9
子午pipi,31164,2878
大爱milet,589,102
厘生生,103243,60
鳖虾跑,09,0
Aytseven,326,7
Ds_林夕影,13574,31
-Bazinga-Pivot-,022,9
TravelingLight-x,3353,17
sunshinelife,532,46
AlisonWonderland_China,1211,27668
黒色艺术家,111,117
赫本_zo7a,08,9
33333333333岁,274,872
三石SSL,214,1070
银洋戏,111,5
舒伯特020,232,21
我是小可爱4号,521,3333
鸽补法,341,11
守護柚柚嘛,260,10615
似非世间物,017,6
给不了你晚安,00,1114
磊SIR磊SIR,1566,4618
MeloNoLove,16102,69
云音乐小秘书,6709431,99999
zwaik,511,40
胡子拉碴的猥琐阿姨,1116,14
何ZZKm吗,211,10
Borgore_Official,643,14780
i9xx,127,18778
Joy辞,37,15
噪点音乐FM,526,267
梵高_sir,15,400
ACG二次元菌,06,834
折欢灬,03,4
ABU都鸭,245,2549
Bassjackers_Official,29714,73847
Helenwbr,53,5
张丹青_神仙钢琴儿,481,1960
人间小甜豆er,711,24
我心飞扬lalala,191465,740
SlimFey,2673,12846
司琛瘦了,5654,1510
南风回时,031,5
steph_YIFr,130,12
春霞的小辅助,5183,157
QSIZE他开学了不在,3772,137
任岁月再坏不致心慌,3766,3
给你的星星_,32256,35
avex爱贝克思,45327,4819
水中游913,011,7
GY吃吃,02,2
L_梅里_,5585,1590
Sikd0pe,4207,19174
丧夜_GLev,241,3
藏了很久很久,39335,14258
Assassinatem,448,196
一颗小熊熊软糖,03,0
纷飞微威博,021,1
万豹,296,9260
时崎仲冬二二,42106,1635
NEFFEX_China,373,19188
今夜是你,09,50
诱惑MarIboro的Du药丶,33,19
云音乐古典之声,38750,37936
TS酷mi,316,9
Hard-with-Core,3230367,36094
Shake软,142,516
菲丶轩,103,3
SangBlack,05,2796
你的外哥,250,128
夜清道人,025,13
plzwak1up,020,91
埃尔德里克Eldric,51,410
假腿螺丝已松动,5069,20
林白鹊,1774,144
故里-v,04,4
请叫Pc,10,827
西瓜分你一半丶,013,20
林yi网易,01,5
薄荷音乐台V,429,56
FOCUSonWHAT,5337,182
寂寞的姿势,018,5
下辈子再相遇_,432,61
油炸小渔,721,109
Rang_Q,1323,488
寄托夜空的星,06,7
Dreambuilder1710,65,38
Louis-Tomlinson-,626157,823
我们这一天News,182,609
电子音乐资讯,54930,52880
_追梦大叔,6721,31
叶叶叶叶叶明珠,621,9
猴头菇战车,9156,89
XikEXO,340,57
常胜-18i,00,2
-小玫瑰掉进了红池塘-,06,7
吱呜猪和特务兔,25,201
凡昔_Lu,13827,422
三更七,08,29
张张张帅M,04,1
龍蝦太CY-Tong,257,9
_WayMen_,5494,18294
桃源禁,314,3692
Seanna24战战,1333,11
赞了你的评论,00,6
今晚别哭啦,06,4
川边綠w,09,8
朝霞云音乐,46,3
ThePG_,614,12
南曦要温柔,27,845
是知予呀_zy,371,2
Vanessa_甜甜,53,44
爱吃小番茄0_o,19573,186
流祉,16,29
TWH电台TuziWithHipHop,344108,16019
麋鹿岛屿-,2061104,899
大小姐不高兴,31145,86611
初夏海港,2126,1
Tro_nnor_,1847,32
醉意情诗,212,15
城矣uN,724,35
Ddfd0128,111,3
Ricky_Kopa,328,24
灵梦之羽,025,8
沈笙歌-,239,8
今天的豆豆准备好高考了吗,3151,35
FLASHLZH,9659,11
bepurity,032,27
没人在乎你听什么,017,30
EOG先生,017,3
Banrey逐梦巴尼,171424,498
音乐斯图秀,50106,8433
JohnnyOrlandoCN,113,49875
落暮星辰画若风,187269,789
大写Y加粗,18,4
Krewella_Official,4775,85064
oBu丨FM罒,01,66
一颗西柚_you,2110,105
blueA7,02,90
阿day吖,104153,15
我愛权紫龍,113,4
一只若鸡,19,5
木头做的丑鱼鸭,33,15
网名太难想了吧,077,8
乐于life,018,5
小佳小佳__,03,1
李乐颜不在,23,1757
夏星子_,412,19
raink,08,19
小森呀呀丶,311,7
下雨的柠檬real,5140,122
月落天白,1787,62
第一只单身汪,04,7
洛圣都交通LST,035,1564
账号已注销---个屁哦,030,2
Xenon131,1016,12
sheen2222,03,1
从岒i,714,9
Jennifer樱,548116,55
RJJ辉少,05,188
Starry__D,15,2
Chorer,343558,1486
么崽ovo,05,2060
柳岸茶馆,1814,2
顾情wy,07,4
维维超人丶,621,7
Zulmire-Mirzahmat,9018,132012
LilJeff-,05,69
花店老板c,73,8515
_山鬼_乔乔,5230,73
该用户号已注销,110,9
Mr_困倦,219,46
Venjestan,77142,397
A智勋,023,36
蜡笔小豪pol,026,7
流年即逝-贼浪,8981379,911
李熙霖_,616,25
ALM灬阿帥,14687,14546
wvvww,47,457
心动的温度是三十八度,04,3
BreatheCarolinaOfficial,6557,32827
珍惜1分1秒,14,3
Nicky_Romero_Official,16410,57770
耀温顺呀,04,62
杨不酸,1251,21
HurraicaneSignal,051,13
Strawberry-Swing_,67218,62
LISA唱歌了吗,00,4
G_柚砸,340,11
_CANDi_CE,7748,137
HHandNic,04,654
迷人的混蛋是西西,03,0
仙草灏,25190,1489
DC资料堆放处,57108,551
双木1田心,02,4
餅乾死掉了醬,414,26
潇瑶月下,3059,7
辰星晓Reginamoon,199,25
Nurfefe_officiaL,855,3129
Cosmos0717,8933,356
Darth-R2,640,53
首席故事官upman,1195,19
飘羚,2920,6
--陳昊,14,11
熊本熊本熊丶,09,9
Ookay,4646,25460
朱一旦旦总,212,17
MaRLo_Official,2904,9107
SweetieCoooky,2418,63
我可能已经爱上warma了,061,12
纯情处少,45189,21
Zarinopl,011,4
今天俺自制的TikTok歌单有人听吗,26,17
Hermann-,1059,2474
海底撈九塵,01,43
Lilispoem,171,132
烟波蓝黄昏,659,3
笼中鸟-OG,08,8
铁柱zhuz大爷,109116,8
ZS-beatz,7135,8838
Nurxat_112,312,2629
sparkle_,1591,12
身着燕尾服的帅比,08,3
张憨憨v,04,105
十一点二十三分,223,171
i7toy,4649,66
为李泽言摘星,29662,194
A7小塔,914,309
VR是我不是你,5025,1886
颓废高中生日常,17712,723
利维坦_KUN,00,490
即墨ar,228,111
angelaenchilada,338,2
SwaggysP,07,8
BillChan226,13128,381
SOno5,313,47
紫雅鸭,247,4
CNUP340,2717,79
Dracula-Davi,914,2493
奔跑的小炸鸡,00,0
August1314,58,237
Milo想要好成绩,819,6
炒鸡大松果,55103,41
Nijyuukyuu,283,1
宝贝苏玖辞,236,103
000-Forky,412,511
那就晚安_xl,12,7
BALIS-y,06,62
我很希望被理解,04,5
赵旺财Aero,639,32
Margueritepoon,2329,12
倾婉公主,51329,496
求极限我只用洛必达,022,12
LZS宇轩,13,18
Ly_ce,05,1
晚安小文,00,0
Llg千秋色,088,44
橘子汽泡糖,14924,1743
3DH黄浩瀚,4543,23
z林柒,442,3334
左岸咖啡,05,23
i斩月,07,4
PROMISE_EDM,50200,3342
曲奇好吃是真的,16,241
kid丶蝶影,24,83
橙味儿的小芦,64,205
L海海-,323,3
暱稱上火,07,15
酷狗音乐工作人员工号5112,2452,4
星回_____,02,2
月还不缠绵,03,1
Brandy的Y,28,8
丸子温,116,12
阿舒一八零,430,31
TchamiOfficial,2546,12942
依洺渃杉,1650,56
風止於心動_,124,40
0410号宇航员,033,5
包子__w,03,2
Piclik,1983,375
LuvsHe,343262,68
爱音乐的夕阳_UsGy,11907,849
赵一航Bob,5289,1410
德川千代,53,47
钱钟书神经末梢,29,18
陌生傻男孩儿,324,257
SunNewMusic,151498,288
兔纸没烦恼_,231,2
华晨宇家的矞咖,03,1
这个世界很难受,00,0
Lunatic-asylum-_-,1242,94
BladeofCarter,13132,76
丶Alonem,276,24
MEHREE,74012,4043
柚子同学upup,417,2
上我的落葉船吗,05,6
xxxyn__,312,281
用户529340080,219,1437
限时三分-,05,14
Ruisosoci,00,458
冬冬没有兜兜吖,1065192,50
小咪_X,01,7
清浮儿,119159,272
Akiracri,117,0
龙叔与Doc的旅行日记,2164453,11559
Xthousis6,13611,7148
做了一个蓝色的梦,92,24
老叁音乐,105,547
BetterNoe,212,25
云城负债鉴赏师,12,54
Harry-Lucis,15269,5962
初晨观潮,21,653
RRRRKKKKSKY,116,4
chase_g,13,1
JonathanXie,8741,132
ChampagnepapiCN,00,55
耿耿于怀c-,029,13
YouTube视频君,11573,3482
面包酋长,534,17
Billie_Eilish梨梨,1747210,46296
Reyimjan-Abdukeyum,9660,30765
米兰的小铁匠_a,5727,155
小鸽子Guo,2814,11
KLWS_,752,101
起个名字好难315,2830,159
Tsed-,27124,5
是七七呀hh,1819,317
Venming,04,113
Raja-Nidhogg,3255,664
似顺听歌号,88770,221
春日抹抹茶_,04,7
云电台-耳疗SPA馆,7683,2735
BobLeo2010,665,1
油烟机yj,1024,17
EuHn,50245,43
江风引鹤,046,2
Distlnctive,671127,45873
-LKs-,1739,1736
无处遁形网友刘,515228,5168
柠檬m味的熊猫,45,18
抖音慕楠,03,512
ZeTe沢特,43156,187
喝可乐记得摇,04,117
YJ玖辞,114,3
李夹心hh,2120,14
TOSCREAM,740,35
山东-老刘,1739,286
EDopamine,94330,3592
留下你的思念,2050,498
枞北-暂退,1815,294
Honid,13161,328
三九老八,211,14
武汉真的好冷哦,2103,166
耶呀椰皮,55,4
精致男孩卫卫,126170,1830
JauzOfficial,4658,29865
顾槿OvO,62,444
FBOC,03,4
十三少女病_ZBEyl,84,3
幸川SAMA_,05,2
广东兴宁吴彦祖啊滨,06,2
NEW字幕组,03,119
帳號已註銷_,720,1098
SeniorKallun,424,6
萌小希o,223,427
-菠萝橘_,00,3
snmmmb,033,13
是久小玖啊,1426,10
Husband_夫夫,840,9
JunoXu住参宿七上,46225,448
Dj_LOSVER_offisal,23020,674
贝肯尼的宝贝_,1919,125
落雨na,2917,159
_仚_,1855,9
RealDirection,25131,109
爱甜百分百,3684,64
TheWeeknd_Update,40124,2878
哔哩丶皓修不是好秀,140,8
一只韩韩a,236,5
阿葵-CHUNG,2045,139
chiamingTUAN,071,11
LadyGaga中国歌迷会,787130,1892
空空空空空空空空空空明,510,4
请把世界上所有的美食推给我,432,12
小小张冰心,716,0
是娘娘也是小和尚,13881,99
田泽丽娜,13,24
5d_of-pain,3044,38
扎心学院1班班主任,3683,127
_闲人鬼老花_,2345,7
萌萌哒的拉比克,3286,35
小春秋_,3348,215
Hardstyle音乐匠,240,147
今日含金量,09,3
Reveur_Lucifer,310,7
同志小叔,0130,301
RyanSu2020,57,32
Protein24,144792,10735
抖音八七空,04,21
Zzl_bq,04,172
泓程,217,852
COSMIC-DREAM,21,400
活着真累啊-,118,5
陈北及,2717574,103718
几迟ovo,38,42
Human度川,1314,130
ChloeMusicTherapy,1426,28
d22k,2030,269
_BloodyR,28616,206
豳藝铘,010,5
武汉-MasterDJ-Studio,013,13
往事重提是折磨灬,28,5
alimjantohti,69257,63584
-本雅明-,134,28
走过一村,129,0
世界一级B类赖床专家,155,11
口零,023,16
Ccoo可,7611,89
李袈,181141,14494
-Satellite,16757,86
__itszmrt,1327,109
快跟着我,412372,116
Deer鹿头,615135,21175
天天想小冉同学,07,7
pincky,2020,3
诸葛v,313,3548
方方爱康康,01,81
划夕阳,016,0
Artem15,995,176
05_9_Y,010,107
纯真女士,350,3
花式抖腿世界锦标14届大满贯冠军,121,26
薛苏仁-,222,83
樱奈酱是什么酱,362,0
Wangxmnice,392,862
安生麦加-,1987,41
putlaxma爱情_,2266,84
康平盛世,377128,268
老阿西,64855,56946
ablat-st,51322,1408
天才少女14岁,1723,3016
斯达瑞9,10,26
阿姆的小歌迷,301102,3497
MarGotRobBie,17485,188
Yin_Jun_,011,10
Zyp9x,536,13
MatisseSadko_official,1440,28317
肥宅不肥o,528,10
Frankyle,113137,59
维eCte,261286,842
越黑越美,278,60
影志还是,334,206
名字被占用了没法起,1378,2
SickIndividuals_Official,835,12401
_Naivete,08,16
万能星球督察官,385110,251
云村云圈酱,2912,5434
cluster__,015,8
LanaDelRey美图社,47950,3002
Geist7,00,0
Space-TS,012,26
柳下惠Az,08,1
e1___,352,5
甜豆莎梨,4014,18
高司令坐我旁边,1769,154
具象波,965,62634
漴零ovo,06,312
网易电音品牌放刺FEVER,4067323,39924
电音心旅,252192,1801
zettaranc粉丝,04,6
麦田wo,25,2386
大胡子阿细,8019,6796
June_11z,03,16
丨IIIIIIIIII丨,461,48
丁有钱,6040,61
Todayisnotsobad,721,56
TrapNation_Official,27435,3819
当思绪变旧,07,8
大红灯笼高高挂起,4423,8
原来没有永远,05,3
要音源先收藏第一个歌单再来谢谢,11149,42
二十胖了,1144,13
科德角_CapeCod,12,0
小熊乳乐云_k,117,0
刘和不6,05,2893
Moving铭,3911,31
姜姜的歌单,12,310
曲儿君今天超过jyh了吗,017,4
乔妹专属边路,21,4
你听到戴哥哥了吗,013,5
与欢Vacation,81,3
JC_LUFIEKE,53121,36
AdeIina,2829,2354
雨崽owo,16,7
370008188,2091978,99
莱斯特小姐姐LL,06,2
Liv-_-,140,2908
生活如此依旧,013,54
stmpdrcrds_official,126,1554
养只小澜喵,73,52
唐僧爱虞姬,1774,30
小警新一年等演唱会,1610,8
LOUISAYXY,210,1
佰鬼绫目,0283,107
取向狙击苦艾酒-,267,24
没竹子的熊猫呀,70,208
咕噜年,132,102
五月未了,318197,13683
不是红枣的枸杞茶,013,2
可爱的种草姬,13,20
小Q哇哇,171594,208
苏挽衿在线娇喘_,05,5
ecoh-7,610,39
AutoProxy,77119,49
irene-js,97175,7
Thugstyle杂货铺,1017155,18253
九濑之亚,03,5
掌柜阿峻,263667,25294
FunkYeahHarryStyles,07,17
眼闭则花寂,0101,4
Regina-cc1,017,1
Flora__張小野,17757,15
Barry-墨鱼-Allen,06,2
Avicii_GS,252432,742
大肥猫好可爱哟,07,0
chasingstarrrs,030,15
想一颗星,333,7
Evephy-Z,2807984,47492
似寒emmm,156,1
小飞流的飞璇儿,10,1
Sedhm3t,116,7
aa阿喵喵,410,2217
查令唱片街,8051,4601
TheBeatles-OAII,031,10
Ricky141025,232,141
王藝博YB,344,83
Team100086,02,37
邀请函0116,4735,9
高途课堂_学英语,03,20
温软徐,513,528
小良神,010,5
依酱今天也很可爱,08,96
阳同学在啊,1712,51
我不是百合,310,120
Double_呆,116183,10982
Rainnnn丶,112,6
未开张玩具店小老板,26,5
ZDae-,61145,45
杨杨大平,03,106
CelticsOfficial,130,135
香琳-落叶樱,2812,23
林肯公圜,946,9
John_分享_,957015,136278
搞笑的酸葡萄,9488,4074
HIPHOP_H2,4036,18
T_T杰宇,13316,2412
RappitCN,39243,141
北境鹰山仁,119,20
Lea-N,09,2
Epippapg,10,0
你的韩韩HH,012,59
玉米王子变青蛙,07,8
最差劲的神明大人啊,1038,15
洛垣,240,2
密林斯派维的白日梦,1817,2150
歌单推荐达人,00,266
nytegleden飨悻Eriksson,42487,99
刘真Eeeeee_L,04,55
潮音仙,017,139
Diamonds呀,77172,913
不知道的花儿朵朵,11923,18
catwalk_s,317,106
是渡边君呐cg,023,2
Tsorania,2246,31
南音少年荼靡,4017,1224
91牌留声机,02,2
拼音师,12123,25937
药棍,124829,692
有钱龙史矛革,3716,34
剑仙爱弈星,622,10
TimtaS215,99,4
迷美丽_Ooo,18,3
crascopy抄抄君,73383,360
MINEFM,976,2005
许知音,20,9571
热水学姐,180,63
RAN-AWAY-WITH-ME,16051,9
坏少的彩虹,123369,229
neuciz,03,6
漂酿小年糕-,211,4
XXXX1234567890123456789,00,0
爱Cola的鸽子,46199,52
Mid-earth,5035,33
赛斯塔奇拉,2530,693
xXx_inc_xXx,07,1
当地有名的老实人,316,9
我好像怎么也吃不饱,02,6
herobrirne,022,1
墨簕子,037,15
清新温柔Kevin,1013493,37921
新天地王老虎,115,22
你好我是萌信,8138,411
你和理想,719,436
肥宅少女本人,02,1
BaynErhet,6213,316
歲月流逝A1one,3194,168
尐黹_WECN,453,190
FelixDzerzhinsky,5231,842
AV_Wayne,3011,87
十一-酱,09,1
CharlotteJob,11914,14
_藤原拖孩,011,6
加菲众,181119,20714
Katrina-Kaif,1240,2113
我眼里没有彩虹,114,13
Niki赵,04,1
说书不唱戏,640,2
kaysaria,1518,6
鸽子啊在路上,611,6
PetitChatNoir,38,4
雲想寶,07,12
制造浪漫_,238146,24
六元的糖-,011,14
AvrilLavigneChina,82993,3705
Miranda-WM,012,11
YoungJodye,3956,56
y兵兵,04,1
DJ_HUMBLE,103229,1359
夏沫-浅雨,333,26
零零后电音收藏家没有宝藏_备考,31520,325
招摇芷嫣,231210,1038
网易蜗牛读书,9718,4054
张婧之,47,475
LWJ_Belieber,5256,26
Siga_张溪格,1316,9552
--iu李知恩,03,132
您xi_,410,3
卢溪溪溪,924,1047
阿天不钓鱼,27238,85
牙龈健康,1213,39
初晴-夜雨,16456,35
GOKIDJs,12129,4089
明晚的鹿L,5454,232
飞奔的小绵羊_,99,15
LadyGagaHaus,11456,12642
说唱是一种文化,263,2
Alikc-uuuuuuu,28,6
造梦使者鹿一,62,126
林梓悠悠,011,313
越一川,16,11
Going金高银中国首站,32,498
养鹅户hachi,078,12
找不着北了呀,317,19
慕雪哟,189,2
要自律的中年少女,732,1551
LYL李易麟,288,11
yolo_S3cE,023,8
sunnyhuma,02,1
霍格沃兹公共音乐室,132668,9944
一米八五的阳光PDT,13,1165
最强黑暗守护者,917,117
我想吃小鱼干啊,151829,620
南楠楠楠楠楠_,113,7
夜行抹茶,02,47
一周七瓶哇哈哈,227,7
Pamozu,527,79
DIO承是真的,05,4
95号月亮-,13,1
禅大大,1191,34
黑刺_多里奥-波普,038,223
万事胜意_-_,3474,6
Zhangarya,04,2
NoCopyrightSounds,8215,2175
廂庭少女,3520,6
orginal-Music,950,2225
RS_Club,04,61
匿名队,211,11
Lieai_,08,2
37号元素,91113,956
李以为某,09,45
喝什么君,02,1
Yanless,076,37
NooraOfficial,858550,109
金河宣,02,1
Lemon--_--_--,665,9
苏哈哈的音乐收藏,07,31
缪东运,037,7
Coraline_lmt,2743,16
想当兵的帅小伙,16,16
_长安RE,328,7
深海中的情歌会破,1518,8
斯文老先生_待下线,1525,39
ElectricDaisyCarnival,4825,6159
LeslieZzzzzzzzzzzz,38104,5
Miiiuss,13733,1220
空镜的回音0,615,12
Fataldongyaxuan,0144,9
Linneamint,4022,16
SwaggYp77,239,12
Em_Jhao,23117,139
Miyako柚酱,3948,27
ariana-del-rey,271235,68
卖萌请有限度,213,40
大内密谈,94,5274
成果的JIGMZHEN,743,23
潘天王醉坏神,110,8746
EDM_FOREVER,151787,1351
gourmetyan小米,429,7
Trainedoctor,04,1
喂喂伪伪,113,13
贾凡的泡芙小电台,1124,41
lilith-minge,010,1
kikokiko,303272,5032
Anjunadeep,509,6462
岳亮弯弯_绵绵绵绵缠缠,829,15
小水莹,5721,18
吸血鬼雷闪,2435,30
电影fans,05,2
rrft,6952,80
小霸王游戏机-,825,12
Lil_Ugly_Babe,519,6
AIanWaIker_Official,2123,50
勤奋的潘小岳,058,5
AaronVicente_Official,1332,7
Yawg-Neej-Vaj,158,15
Yuhanp16,95,397
潛水到海底兩萬里,35141,2
and好氧君,664,4
musictv,153110,55
网易放刺电音制作学院,6419,2124
爱打拳的沙雕Fist,7511512,1167
章鱼没尾巴,81,267
顾小北_z,04,5
78517,32153,101
叽里咕噜爱因斯坦羊,12287,172
风柏潇,723,42
BABIROOM-YUXI,223,242
面对浩瀚星海心便拥有整片宇宙,314,30
KompanyMusic,658,5301
漫游仪勘测员,35339,13
CatchmyVIBE,11442,167
Benom1927,4529,7098
琴梦HD,965,2
Tay过Crazy,167188,1352
JackGroove,36,192
Swagsw-,712,235
小御兔崽子,33,10378
孤独者mister,1321,42
Alim-Kilic,211559,1167
林陌岚,56576,771
张起灵好想和吴邪睡觉,2312,10
AnLing447,313,14
KIDWUMUSIC,61157,1168
Syn-CoIe,123337,425
起风了叶也落了,1312,5
lnhospitable,28,55
绝代风华李栋旭,079,3
张艺兴小可爱的女朋友,19,1
-暗哲,114,2
pexs_ddd,0101,21
麋鹿的黑先森,3718,75
LogomachyYT,18,6
笞子,07,0
哔哔机欣欣i国超,228,10
Aug_8xxxZ,219,10
美国z统侃爷韦斯特,54172,151
坛水良,05,3
网易文案馆,6015,7118
_沐梓希-,43,4302
葳蕤yuki,168,16
元春十七,04,2
熬夜修仙法力无边,012,3
EA7_________,75,11
DopeMusicCN,962105,2746
iU宝-晶酱-伊油-Guistar,284458,57
九尾NineTails,4101,300
IMUtah,18142,8
鱼咔咔-,163,411
NINE1-_,610,8
931周小美,39,866
小阳的网易yun,08,6
CLUBMUSE武汉光谷店,808,234
满井之春,138023,426
萤火棒棒糖,35490,482
张写真,6632,27
29place_,09,1
CEM_Official,16958,10028
接个吻咋还开一枪,9228,806
DJMuchY,999,34623
我待面包如初恋,849,5
FKAtwigs资讯,537175,644
青岛啤酒官方账号,03,22
LeaferJessica,611,14
橘井三_,952,1367
奶豆豆pcy,124815,5461
月儿家的芷落,08,19
静物基础教程,330,14
Better_free,260,6
乡村小路请带我回家,216178,217
伴你步入仲夏林海,18,4
-Omicron-,03,7
SAGA三亚,21,58
立空而归俯世,951,1448
AkashiAshes,108669,22856
Joyoungster,108101,29
经济模拟器,12,2
CONIMLY,315,4
草莓味的little-plan3et,35852000,630
HeB1,51620,8734
Jane__Doe,8100,10
小马今天不回家,03,19
影子你能陪我累么,2215,22
蜂蜜煮酒,06,13
Kepler_Pathfinder,011,19
寄生____,11,2
Moonstutu,23042,92
蓉蓉蓉鹅,831,24
人民路_彭于晏,25,0
熬夜的鱿鱼卷,939,16
made_in_Jahseh,1248,24
曲少臣,12715,9655
呆若木一,3874,3427
NASAPartyClub,03,77
元气大屋,137111,4354
allaboutselfhealing,022,1
今天我也不开心哦,120,2
啵啵虎丫丫,014,3
Mild_Gum,150320,53
nephrosoupp666,05,103
南辰哥哥i,04,11
北冥有鱼AnBu,04,1
云村Mr-A,389284,1195
挚爱lara,011,8
金伊伊-,05,18
阿阿阿阿鲸,03,10
乔阿寂,35,23
dreaming_melody,35,1
scorpio-S78,20,135
这一棒叫错过,06,9
白日梦少女--,113,13
一周热门速报,3510,3805
远山雾漫风间雪,044,49
MamatjanAbdukadir,4157,1884
Anotherzyl,012,3
小红帽听歌的地方,28,28
A7iMusic,63353,12004
小朱桃桃子,4937,6
完美的灵魂,240069,48215
账号已注销去中考,26211,81
吉永百合,09,8
脸黑的男神,470,4
潜龙66,05,3
顾若尘-,1617,9
我想當辣妹,1144,3
咭_Rollingstar,6463,12
食渐出真脂,11,9
paper猹,58107,349
玩什么女支云,7155,17
派大星和摄魂怪,012,105
Mr明川,06,4
Venusmist,04,3
-Herbert-von-Karajan-,219360,352
hwre,01,4
馋涡,220,7
吃掉可可兒,15,44
EKKSTACY,29,225
阿茶的梦游仙境,50,3003
Shamshui,14,3
AlbertWeyn,1839,23
一丁耶,147,2
Yoi2333,744,7
Alio4,042,15
2l-Savage,1045,236
小伙汁摇点碧莲吧,16195,115
Hope-Scope,037,4
_Neophyte,361128,1849
AfterShokz韶音,03,284
A1prazolam,10,12
葱妹儿emonion,88645,136
巧爷_RSyV,97,3
c仙辞,33,0
S峰烏,788,7
HYueJuan,915,0
Wooozy_cn,03,61
Let_life_boil,45362,12368
霉小猫咪,73175,68
光速Qa会吗,513,5
5000恶魔,3445,180
WiFi歪歪,4652,9460
LukeCage,268241,44
17岁的网易云c,06,1
太阳女神经_M,00,27
Obidala,11697,24
TYNAN_Official,1559,5690
性情_amOG,05,3
Dasher-,51119,95
M-林欣晗,016,3
故事文案,00,0
黯淡的夜空,08,4
AnJoey,411,6
Sefa天下第一吹,1271101,675
Walker-46794,76672,93
赵婉卿_,799,19605
ComicBoi_阿兴,683286,568
恰如你所爱,23,219
LQ李茜,10036,6857
小别克music,034,29
渣爷的女朋友,2467,6
仿生北京人会梦到电子涮羊肉吗,17,3
旋转卡壳-,24324,209
Huntokurr,1114,15
X-影袭,211,2
HYPEBEASTCN,160,86
Panny-0211,111,13
Kyrie透,632,11
缺乏睡眠的阿音,915,4
没有苹果就吃糖,010,4
王囝DeeDee,320,435
yijianhanshuang,1443276,1134
Clearlove1026,1962,40
Pop_Leading,02,251
煮金刚,24350,61
___Eon___,618,3
菠萝啊_,05,26
山下智搏,125100,65846
_晚安u,05,5
吴凌宇959,40,261
神也羡我柏华,06,12
Eye-conique,22198,164
我会给你买花,1261,29
Jk_purple,117,2
米冷milev,411,4
无法言语_kJoi,011,1
食花怪獸,3531,34
后花园BACKYARD,50756,35160
张佳慈,121,2
Lumilerr,14,46
三次元家长系品牌放肆Pagenda,310,109
塞特兰戈洛,21336,1433
Cantabile_Y,14,1
DJ_NAT,38,9
一起来修灯泡,2576,4
Hero禄禄,63126,5683
不爱吃洋葱青椒胡萝卜,615,9
此乐绵绵,0238,3
丧甜的大海龟,213,47
李清裕,18,4
从韩综里捡歌,60,38
一包芙蓉黄,15,2
MNIATUTO,415,11
Markcus,47152,1512
shi幻空,00,3
我是过气网洪,12,122
我被大橘子秒了,39,2
跟自己说晚安_,04,11
记得记得就去,124,9
Han-_-nn,01,48
ClairenMusic,231975,1102
Chlasau,023,1
熵不可逆,111,24
心爱的爬瘤子,08,6
星光_7,40,31
Miyo鲍美瑶,02,41
AD钙不仅好喝还好听,3896,1929
ZHU,2333,37497
Mkuag,715533,3671
edcdedc,260131,92
MARCION-Official,70489,48
達-瓦-裡-希,834,4
青城故人,29,2
仙笙200406,27,4
李蔬芬儿,30116,52
中读鸭,03,741
FUTURE-TJR,126,10
绿鱼哥哥,3611,3
请勿沉迷网易云,110714,647
EgoDope7,258,74
晚歌-betty,013,241
失踪人口Redkiller,722,29674
皇家_musILe,19,2
蒙娜麗莎醬,338145,21
越洋飞机,483,313
alfiemademe,1295,172
用2G的深宇,30,996
世界啊这就是你的男人BTS吗,15173,12
唧唧喳喳呀呀,1329,9
iTheChainsmokers,78485,707
圆气健身FREEBRIO,03,11
月_Walkers,117556,63
多ris_,36288,154
薛乔酒,3825,16
思罪,6524,3863
曜铠不耀,482,14
寒暄Araincloud,1155,14
香蕉苹果大哈蜜,6468,48
Vvvisual,019,13
耳耳耳耳耳耳耳耳,632,1171
GODSCOUNTRY,19132,82
RockRose_OnCeaseFire,3454,139
djsu,3620,353
藻岛岛,5566,21
PremierMC,812,17
东野Live,442178,4216
如果你是胡某某,243,17
Anonymous_A匿名,054,13
小林甜奈,017,7
浔希,16,3
糖又吃多了,016,3
CLUBMEMEGuiping,03,5
Juden_Wittgenstein,273624,609
wxxXqyy,32,3
摇滚学人,19728,1297
花-火星ETyu,6372,128
薇薰,1430,142
我事匿名,18735,524
读来猪有会着倒,60,1
关于宇宙深处,1099,18
RunWxxx,122,13
深圳SuperFace俱乐部,111,7
UnderneathItAll,1313,70
DAS_Anac,88350,294
Re-LLLight,05,1
微风不燥love包头,321,2
圣诞快乐_劳伦斯先生_Ze7b,367,8
deadmau5-Minecraft-云村守墓者,239901,468
AstridSmusic,84,26242
甜COOL女孩,44,2
鱼头不是芋头,1566,36
Hyde-LIKE-DJ,16246,371
IrFan26,75,106
-Davina__,013,592
-Anesthesiologist-,3152,19
把你爹挂树上,14,2
MelanieMartinezCollection,821100,2474
GabrielFeng,1148,12
Birdy唯一指定女票,257618,535
Androgynylimb,1456,65
-安呀,020,5
AlaemirYoung,992000,332
对网易云心动_,12,12
放两颗方糖,17010,3193
网友苏念_,60,663
-通往永恒的票_,156,8
就是梁豆豆啊,0122,2
吴凊潮,2115,153
蒋丞选手-昊然-BFS,25142,1985
Znkormille,9128,37
百度大学校长,1521,16
9--01,03,0
52赫兹人的故事,576,103
仙女君睡懵了,04,131
有点儿想要两个西柚,07,2
o_oohh,6849,34
DavidTaomo,14,2
阳岳-star,1376,13
浅雾幻千,065,10
薛定谔的好多鱼,022,4
KidCarter,71120,216
-牛超牛的魔杖-,11058,179
一芸w,56,8
此人已沉迷学习无法自拔,116,34
向往圣莫里茨的汪,3048,7
996Seven,15147,234
你滴小可爱a,117,2
东方ter,07,2
苍穹向暖,3336,3
clan栍,01,9
cloudy-day00,35250,1238
小叶乔治,12,9
秋様,01,2
不囿moon,07,0
Hollyllll,123,9
IiIuzivert,156195,335
水果霉霉,022,2
陆渭霆子,019,19
Saul-Young,2257,474
Kira一叶,839,1
一只小向可爱,121244,216
_-旧人不覆-_,02,1
医学院的牙膏,043,5
卡尔导,60119,6948
易只烊_爬树,48,14
KidoYup,1415,114
子兑-sy,107,3
霁川肆_,1961,118
山如涛,129,3
初梦Remix,17331,1497
Hao不爱吃蔡丶,831,20
TaylorSwiftMito_Gallery,286572,709
拢袖酿山河,08,14
一只活憨憨,1041,27
Gutsss-,146,57
l你是个好人,42,8
Better_call_saul,244,1
是小龙人哦,8531,490
大粪炒青椒,131,11
迟到大王不迟到了,3041,193
CharliePuth_Updates,108951,14031
完美Dan,31073,74
Gupupu,00,20
REDNIF,249,349
爱吃西瓜的鱼丸粗面呐,822,4
Unhappy_Refrain_,09,7
orangepr,025,1
STEAK00,011,8
Weirdo04_,1725,307
Angelzz_,02,6
Breederjc,04,4
越然喜雨,2727,68
金丶木丶君,34,15
QL雨笙,017,1
Troubadour-to-you,111259,57
AG超玩会化腾,518,9
爱吃炸鸡的七特,2461,712
贺朝夫斯基_07,051,8
南宫_,212,128
Dull_rare,042,14
MusicalNews,416886,5508
YXQ_1,03,3
小瓜是路人,09,1
AIanWalker_Official,2143,58
美国民谣,1119,226
KyotoFirework,2611,54
Jumper2046,45542,31
音乐主播金太敏,03,0
新叶枝桠,4421,10
DaleChen,2182,22
旭瞭啊,429,34
XlaughtER,25212,55
瑗梦qwq,78488,746
Oh小屁虫,123,0
浅缘尘,1891,83
膝蓋咯咯響,02,0
你需要定制黑人抬棺吗,32,10
邢茜筱邢茜筱,165,6
Grickers,12288,46
-SmashTheHouse-,3761,27
借了忘还的书,3215,24
Parq_quoi,116,5
蕾辣椒,425,8
ZnOH2,025,14
杜绍斐,4021,1463
未归家的将离,04,6
一迢锦鲤,109116,61
勒溪,5512,12264
跑步要第一名,1130,5
MOD俱乐部,1672,68
星星草莓碎,1390,26
AliKiKO,01,1
吃货不是痴货噢刘hi-hi,824,12
ZacBrownBandofficial,255,22
帛曳-光明天使,00,5
--噗噗噗噗,042,8
TAIDS,044,4
菜虚瑞,04,2
Kaiserrrrrrr,4660,44
GoldName,25202,55
Neighbourless,0160,27
TonesAndIFansClub,159159,517
Mereismere,1111,9
此帳號已登出,1037,5
I歖瑍I,04,36
Pityfall,16122,29
全民莫白,420,11
Chihiro_fl,353,7
YangHuddadM,141,21
zzzzQvQ,312,5
像鱼记住海的拥抱quq,36,4
新佑卫门1812,04,1
Taylia,07,1
Darui666,195,144
小羊今天也要努力,240,23
蕾丝好帅啊,033,6
银河系的宠儿_Gwak,020,0
纯纯正正东宫女孩,423,3
Dppp_P,049,4
恩逸_O3碾,03,0
Olly_bae,6726,46
蹦次儿次儿,01,1
DoubleJ大爆击,021,11
杲落尘,034,1
jsydud,06,1
灵空SKY,3160,30
小伍宙,483,3
Neymar-------,05,1
小呆毛LittleDemo,218,1
confident-自信,1612,9
曲明斐,013,2
onesevena,538,46
SkyplaceCeCeCeCeCe,5329,25
肖琬婧,012,10
璽xi__,211,6
Twisted_Insane,2466,30
中场阴谋家法兰克金,17,18
北岛wuil,127,9
Mei4z,08,7
34Simmons,044,9
极端了些吧-,025,4
waaaasted,133,10
呔妖怪哪里逃-,119,1
wxyma,05,1
Miko小希,03,3
湖边湖告别黑暗星球,5796,295
人间百味鹿_loey,60716,4330
是叶斯力,01,19
夜店工作者编导老T,1027,181
蒽仔是人间四月天,06,3
一个无声的小聋子,019,4
秦憨憨在线逼逼,44133,12
Kevin-2333,617,3
睏夢,151,7
进击墨子号1909,116,3
没有故事了丶,017,5
Tomorrowland_Official,344175,1163
AVICII-TimOfficial,146180,54
我是啊山哩,1131,7
卍奈布丶白茶唯我独尊_卍,227127,95
MelanieMartinezPhoto,362255,550
Love-J_Depp,67226,112
Calais-and-dover,04,0
某莉子,03,10
唯梦想与爱不可辜负180707,012,4
文刂川原,955,27
KIKI今天秃了吗,39,13
夜风xi,07,0
阿咩nbb,011,6
千幻灵音,09,3
木笙2610,239,0
陌阳光鹿,010,1
AG超时空俱乐部,142,21306
驯龍shou,04,2
funnnyyyyyyyyy,010,4
VitoAndolini,037,30
叮砰相,03,0
叽哩咕噜嘟噜,12132,10
ValleyGlacier,19736,51
艺MinDo,011,2
潮黒,25,5
Lileraser,2817,3
-_Nuyoah,05,2
-Kudos-,324,75
蜜蜂斯汀琳,218,9
人民之父-路易十二,07,3
哎一古BK,456,2
人间星河_元子,14,3
SoundOfHazel,78109,837
Zhao_GrWt,18,0
千城倾卿,011,2
Hoffnung1905,04,2
奶万991,016,0
Shade_RRR,317,6
别听妖怪怪哼,432,3
是小Aaa同学啊,09,2
俞迟的暮久,714,44
雪纂麋鹿,1544,7
奶昔团子吖,14338,140
耶汁超甜,1287,120
雪之下-遠坂凜RinTohsaka,493850,813
baiqlle,624,14
姬盛,011,0
昨天说晚安,08,1
Tuple_Land,4046,175
挽月叭,015,1
musey_a,545,33
billiemyex,125,43
Cynosureee,021,10
何子蓦,216,10
刺客伍六七_ss,48,0
路子壹one,015,1
流花倒影,1452,4
皮卡丘不是shou,014,6
羊崽跑得快,15,3
YJ-餘悸,122,2
老打把,537,6
念北_95,01,0
姜悦July,07,2
头戴三叉束发紫金冠的吕小布,06,5
white病娇糖,715,5
Miss-陌巷,05,1
昭苏小七七,089,11
祝哈儿,223,16
lunardoggy,139,3
加纳殡仪公司总负责人,06,3
Groupie-LOVE,030,11
WY乌云-,012,2
欢喜电音的民谣小仙女,8665,88
自闭少年孤寂,316,10
An迪-,129,21
涵彦-,05,0
江山不复,215,22
老炸鸡,13195,880
小荣华青啊魚nana,19,3
Pedalox,43,3
玛卡巴卡唔丶,06,2
Kelly-喜欢喝可乐,6310,6
星河漫漫_Meteor,06,1
火火-R社,1312,1412
ErfanimOffical,101519,2121
okayyyyy,022,2
TinYBooM1223,512,1
沐怡蒂熙,229,5
FUGCHVJHV,084,3
