歌单id,歌单名,播放量,创建者
2829816518,[欧美私人订制] 最懂你的欧美推荐 每日更新35首,16172万,网易云音乐
3047478500,Acoustic百首精选：捕捉纯净的音符,4412,一生向海
2829779628,[运动随身听] 必听活力音乐燃料 今天运动了吗,2024万,网易云音乐
2386787779,车载效果棒（不定期更新）,134万,DjRcheng
4899659549,冷门亦惊艳｜聆听女声与电音的心动交汇,408万,NeilShine_
3029251622,马上进村了，车窗摇下来,135万,欢欢-e
2866624523,运动打球必备/节奏控,410万,小sun是太阳
2863447964,Acoustic | 一种全新的风格体验,31万,樱桃味音乐
2871955672,王者荣耀 (排位连曲),196万,璎璎qaq
2463761414,精选欧美电子☄| 感受深邃内心的旋律,183万,倒闭的才华有限公司
2686325543,个人大爱的自嗨曲,51万,我没有熬夜
2991837660,不插电Acoustic | 回归本真，纯净空灵,161万,BAEK-J
2712932964,碧桂园售楼部案场音乐（英文欢快),23万,Vincent梵高先生
2966247927,「Spinnin’ Records」S厂精选,36万,shu舒克_
2194601729,『练球必备』超燃英文BGM,726万,金州拉文fmvp
2839184829,提升英语语感的英文歌.,91万,吳-文-樂
3195063951,「汤 姆·哈 迪 专 属」,44万,艾克-Aik
2476865259,请认领！节奏控专属英文歌单,303万,柒柒柒如是
2816437068,打游戏必备【战歌、节奏电音、重金属】,2134万,RJH国荣
2781412735,英文歌，流行~,262万,--仙气撩人--
2819596401,夏日清爽的响指节奏，给心情好好放个假吧,224万,原点FM
3102314489,【Future bass】色彩漩涡，摄人心魂,36万,曲库小护士
3102355272,挑动律动神经的Dubstep音乐集,70万,曲库小护士
3102272704,浩室音乐集，回溯灵魂深处,22万,曲库小护士
3036902708,2019全球百大DJ排行榜,38万,welphenEDM
2741461072,【提神醒脑】写作业必备歌单,36万,_今夜月亮邮递员_
3102318465,与心跳共频的Techno精选,30万,曲库小护士
2622967273,9102年抖腿指南，今年什么水平？,495万,NickyRomero
2876067644,CSGO ESL ONE 2019科隆 bgm全收录,19万,我爱洗澡我爱洗澡我爱洗澡
2831688182,YouTube史上最受欢迎的100首电音作品,163万,soAoAyEDM
2924765628,欧美 | 让你一秒沦陷,294万,濑红莉栖
2860452195,精品英文车载歌曲,113万,Miszx
2930180903,【踩点↑核能】燃爆全场の背景音乐】,61万,隔壁佬郝人
2869961759,云顶之弈 下棋助力,51万,Hama啊
2700603190,节奏英文歌曲适合蹦迪的音乐,83万,夢燈籠-Cc
2905981726,Future Bass | 夏夜霓虹灯的奇幻绽放,65万,-KooTo-
3236134881,【燃向】提神醒脑/高考/刷题/通宵/抖腿,434万,Avada阿瓦达啃大瓜
2751412365,坏情绪粉碎机|桃味汽水和草莓棉花糖,86万,宝藏男孩Simon
2941287037,那些好听又找不到的英文歌～,28万,RNG子轩
2797507202,『女声电子』你像这首歌，动人而美丽,157万,Areal肥阳
3044288218,献给耳朵的礼物，150首欧美新锐歌曲,161万,pure日月
2940759617,黑马音乐秀皮皮虾,22万,黑马音乐秀
2787214438,Future Bass｜ 别具一格的Drop最强音,270万,一个酷爱听歌的骚年
2710758663,适合戴耳机食用的超低重音（持续更新）,85万,啸先生_
2676553013,【电音】听了会上瘾的复古Synthwave,36万,风之君临
3019056054,草*莓°泡*泡°糖°○°*清甜肆意绽放,60万,羊羊小毛衣
2550277551,小众英文歌歌单（！却意外的好听）,1954万,宝藏男孩咕咕
2712936322,踩点 | 前方高能 让你欲罢不能的BGM,2242万,Vxe-
2848226139,欧美｜极品旋律 无限循环！,380万,陪我去抓水母好吗
2906492713,【高质量电音】游戏专用,61万,Kite汐倾
3182755907,Alan Walker 前五十热门单曲,45万,AlexWernberg
2756790661,『土嗨』那些无限循环的欧美劲曲,158万,梧桐影木丶
3138571767,最棒的抖腿车载,62万,陈易大叔
3101265037,伴着聚光灯，踏入音乐剧的世界【音乐剧】,21317,云音乐古典之声
2976956482,拾叁先生强荐最火Bounce歌单,274万,SIRTEEN_Beijing
2802306619,「欧美电子」带感节奏你无法拒绝的好听电音,709万,Amber丶Queen
2704695734,玄冥二老，在线打碟,300万,gentlemenc
2341496595,「电音」你一定听过的万评电音,2179万,HUMAN00
3099335800,熬夜写作业必备醒脑歌单（英文）,589万,喜爱吃糖的小小高
2883560847,节奏感强的英文歌[抓耳的旅律不断响起],35万,冷艳争春喜烂然
3224149419,Monstercat - 学习 | 音乐让你更有效率,112万,Monstercat
2768017642,fps/疯狂踩点/打节奏(白给),407万,却与蝉声乱了琴
2866031102,Alan Walker的电音,83万,修行者之虚无
2939725092,[BGM]超带感欧美良曲（典藏版）,592万,妍橙儿
3210184177,【旋律电子】让跃动的彩虹激活你的心灵！,151万,谐星七十六号
2954650550,玩游戏 瞬间爆炸 节奏满满,385万,你的温柔既残酷
2839131415,和平精英【吃鸡视频必备BGM】（慢更）,443万,ZRBSX
2301227992,欧美精选 | 嗨 伙计 要来首10w+吗？,8233万,KillBunny
2892898152,Alan Walker（艾伦.沃克）作品全集,35万,AOSAEK
5019469034,the X Project：东西合璧，制造无限惊喜,49万,网易云音乐
2830740622,『英雄联盟』lol战歌,387万,-Miao猫丞丞
2984782686,欧美精选|迷幻慵懒 飘渺轻灵,288万,桑菲尔德L
2858603567,LOL超然BGM丨听完一打九,75万,唯梦小战神
2840368993,夏日女嗓 | 追一场落日和汽水味的海风,127万,LeoOfficial
2950826843,「欧美冷门」拒绝平庸，旋律至上,46万,循光
2900909299,英雄联盟主题曲,341万,点落雨声轻叹
2863558174,Him的一生「MC-Rainimator」,21万,NULL-DreamKiller
4928319592,Deep House｜迷人旋律，深邃鼓点,88万,烈雨
2525632823,劲爆电音，英文纯音，节奏打点，应有尽有！,2430万,沐辰style
2904364484,欧美节奏控：充足能量，运动不停,342万,雨露xixi
3070608947,游戏战歌。没有撤退可言,237万,余志枭
2847614853,「EDM年中精选」夏日电音派对大狂欢,108万,海岛度假Santorini
2878734410,这些百大DJ们的“小号”你知道吗？,173万,soAoAyEDM
4924723995,宝藏响指 I 跟着节奏沉迷音乐世界,49万,时崎仲冬二二
4915336524,动感节拍 | 摇头晃脑快乐加倍,149万,薄荷猫晒太阳
2643377729,欧美超燃bgm·踩点向|燃到爆炸/剪辑风格,791万,yxich01
2786175968,2020抖音英文歌曲最新热歌,323万,小攀哟
3168980939,2019年Q-Dance百大Hardstyle金曲排行榜,57万,硬体PlagueOutbreak
4902383662,月夜童话 | 日卧田野间，夜游梦公园,23万,别忘Ctrl-s
2314766620,『电音女毒』女声响起/即刻沦陷,742万,HUMAN00
2738703582,异域风情，覆盖着特立独行调味剂的香水味,68万,i看美剧
4909137543,百大DJ-W&W 精选 2020『游戏』歌单,59万,WandWOfficial
2930640226,驾车/经典驾车曲目,164万,-nullllun-
2793273751,Alan Walker 艾伦·沃克,142万,Honey丶三月
2991059968,「欧美电子」无法拒绝的清丽女声,152万,师兄不叫思松
2929951612,电音~入耳抖腿日常必备的歌单,87万,六年网易人
2893273588,抖音英文最新热歌大全（2020更新中）,81万,2020最流行抖音歌曲
3200561023,「欧美电子」邀请你一起蹦入无人星空,79万,师兄不叫思松
4975406420,落日飞车,19671,SangBlack
4918824290,『金地·翡翠星辰』售楼处背景音乐,11万,吴非遥
4900225181,身法大师BGM（剪辑）,27596,广西曾志伟
3207561853,怪味旋律 | 跳一支肆意妄为的舞,26万,有容01
4899887524,你搜不到的土嗨神曲～,20897,TS酷mi
3188344408,|糖分100+|那些听起来有点甜的歌曲,23万,MARIA-HILFT
4978059216,Laxed (Siren Beat),18697,我CHEN吖
3182965703,2020年最受欢迎的Hardstyle单曲,19772,Hard-with-Core
4932495004,Louis The Child: 歌曲全收录,31322,LouisTheChild_Official
5009910734,快手精选：散步/旅行/Vlog必备欧美歌曲,24539,ACG二次元菌
3077943228,写很多作业时听的歌(加油，再苦也熬得过去),28957,是太阳不是电灯泡
3227472694,那些超好听的英文歌,45656,你是属于我的小可爱
2997452908,【节奏控】精品合集·超燃电音·性感人声,22万,Deosi
3231495476,该去大闹一场咯,24085,折欢灬
2867256065,Blue,70898,xinaxixixi
2795776495,抖音热度较高的歌,16万,肆爷宝贝
2926891518,体育生训练必备BGM,15万,小魏阿丶
2918242005,烟鬼组合（The Chainsmokers）大合集,93108,LlKe赵
2890914010,支撑美术画画 Or肝作业的力量耐听杂食,85472,你的挽长-
3227880770,Keep It Mello 让我们一起来棉花糖,11万,MarshmelloMusic
2754843231,国服马可波罗『射手专场听完一秀九!』,94450,eStar丶Ser
3166016718,约翰·谢尔比,12万,约翰谢尔比A
2674444180,（重机车专用）骑士日常必备（持续更新）,10万,libinhao-
2725477566, ⚡️ 电驾修仙 涡轮增压篇 ⌬ ,70617,喪甜老爹
2723108692,雷爆耳膜的AE7正版授权,13万,杰希不会Outoftune
2869631579,胡桃里酒市专用歌单,37727,SUS_BOY
3227208138,热血燃向｜流行 ｜自嗨型,20万,qhostbaby
2949793491,西装暴徒,42943,星晨的旋律
3121581563,『英文/纯音乐』网红快手抖音歌曲,79626,别离_故里
2989883013,花木兰BGM 『游戏专用』,18万,和你漫入银河
2883587528,国服韩信bgm专场（游戏必备歌单）,54077,chaierprime
3119510985,【踩点节奏向】铠皇专场（上单）,18万,养猪的小王啊
4881719833,国服马超上单〔bgm〕,15万,浮梵闪亮亮
5006349882,快手精选｜盘点超带感电音,30990,阿璃哟
5007059606,【电音】全球欧美精品 旋律节奏控必听～,86774,网易云精品歌单
2962076148,无损超高音质 耳机 音箱超重低音煲机音乐,31990,行者武二郎
2782124001,适合高燃『踩点 混剪』视频的背景音乐,18万,梦芙
2822449259,单曲循环Divine Comed,16万,我就任欣
2941834839,【节奏向|高燃】综漫剪辑踩点专用BGM,66249,芊柒子
3224123156,抖音 网红 嗨曲 大全,46349,BadBoy小伍
3209020926,TheFatRat鼠年拜年歌单，祝你新年不Glitch,47580,TheFatRat_Official
3237880645,「个人向」打游戏必备歌单,78034,落叶秋声_
3102355272,挑动律动神经的Dubstep音乐集,70万,曲库小护士
3134261163,『2020电音神曲』打造电音年度最佳歌单,13万,这首歌让我感到陶醉
3140725970,欧美 | 只有少年永远把永远挂在嘴边,41461,欧美集
3233539744,酒吧l电音节l电子音乐I迪厅I欧美I蹦迪I嗨曲,14万,掌上Club
3163253465,2019热门欧美金曲,14万,咖啡影音
2887319492,汤姆·哈迪,11万,ConorMcGregor6666
4895326482,电子 • 甜蜜享受,19万,SanderVanDoorn
4959864126,秘境回响丨不可抗拒的节奏浪潮,19万,Ekko-7
4882140285,流行英文歌曲|写作业必备歌单,65258,XXX喪聖
4880384987,This is LANY丨LANY全收录,45392,LANY_OFFICIAL
4889744902,Sikd0pe：让你上瘾的旋律,22250,Sikd0pe
4875801044,我们的电子蓄能库,24518,Bassjackers_Official
4959194862,前奏跪 开口脆｜一秒沦陷的英文歌,15万,吴小夫夫夫
3203827491,Taylor Swift霉霉,49856,clown-joker626
4881319906,Alison Wonderland: 我的全收录,27097,AlisonWonderland_China
4997821418,【混剪配乐】跟着这些高燃的配乐踩点吧！,40986,想要盒乐高
4993555764,居家派对精选歌单,42443,LucasAndSteve
2775719334,【欧美】超燃踩点BGM-视频混剪专用,46万,邓蕤桐
2541084980,运球节奏（唯有节奏，掌控全场）,13万,IrvingBrooklyn
2893532054,星 河 不 知 意 .,35万,zhaoshuya-
4890013314,驱散迷茫｜直击灵魂的50首欧美精曲,125万,时光如水你好
2653881464,戳爷/断眉/比伯/萌德/黄老板/霉霉/碧梨,64万,是社长吖
3217603871,绝对熟悉的英文歌单 前奏跪,42322,糯米奶糖糖
2777984205,国服玄策『狂暴模式』战歌,38万,网易音乐人木然
2978035363,dj顶级骚曲享受 • toxic夜场嗨曲,65万,KarmaTenzing
4911584395,恒弟弟（吃鸡必备）,20927,纷飞微威博
3092481826,欧美热曲推荐（持续更新）,91319,Jiemarr
4861786434,土嗨神曲 DJ俄语,80122,丛了我
4933470237,超级治愈英文|纯音乐,32048,汽水小姐_
4936858077,ゞ꯭͡✯手机铃声高潮版｜流行音乐✈,33716,新疆Dj-Remex520
2883145616,『凯尔特民谣』来自西欧风情的悠扬之音,287万,十三逆旅Cobain
2819623819,气氛逐渐高潮|BGM,35253,澈月清秋
2711946178,励志演讲|愿你还在为你的梦想坚持,225万,爱吃饺子的毕业生
4926388301,赶走阴霾，欢快小调伴你享受阳光,105万,Aog君
3128932473,抖音那些燃爆的BGM,13万,钉钉_cF
2840691126,超拽歌单/富婆小姐妹出场怎么能没BGM？,62456,是你沙雕网友
2926665315,日常跳绳跑步歌单,10万,瘦子那么多为什么就不能是我呢
2887168088,一眼•三秒•十分•前奏即沉沦,335万,宝藏男孩Simon
3198155167,《韵律与思绪收集册》,96万,LovelyWICK
2761259320,车载必备低音炮♚,99万,salaMu_
2683746999,【暗黑向】欧美踩点混剪BGM,1895万,想养金毛的Apple
2708691583,下班刷歌踩油门,231万,逗比笑一个n
3085593297,和平精英音乐盒里的音乐BGM,15万,珩萧雨溪
4859079852,Astralwerks 26周年 ｜金曲收录,38374,Astralwerks
3029610378,钢琴丨Taylor Swift,43052,TaylorSwift头像站-IU
4915961798,宝藏英文歌,89731,棉花糖Edm
4889693878,Awakening丨Ekali 唤醒你的曼妙旋律,38046,EkaliMusic_Official
3183149193,人间理想「耀仔」,25万,是耀温顺
2687439153,【抖腿系列】无法抗拒】,233万,云村_阿宇哥呦
4969813582,甜酷女孩专用歌单,52691,siyisyz
2701175859,【CH圈】Meme歌曲,55720,黑猫君今天在画画
3087123371,开眼100首金曲,21544,今夜是你
2991369744,Synth Pop丨复古青年浪漫合成器,75万,摇滾乌托邦
4920822799,毕业季｜献给2020的毕业歌,50675,原来网易云的名字真的可以超级长
4881466186,Slushii：我的清凉电子乐,29071,SlushiiOfficial
2464078995,精致的猪猪女孩化妆歌单,269万,JeanaChong
2362006321,适合画画肝作业时听的歌,3750万,chaz1
2825552570,刷题|节奏轻快旋律惊艳的欧美歌单!!,45万,周二下午八点
2773594975,月光·晚风·花瓣·夜空·私藏宝藏 与耳朵,187万,NickyRomero
2826579932,神仙合唱：极致音色相遇后的化学反应,195万,Daily南笙
3001478311,steph姐姐的神仙BGM♡,62万,奈小乐_CIwd
4892870009,健身房歌单_健身房音乐_跑步运动燃脂音乐dj,54367,Jackoul
2882042971,迷 人 嗓 音,470万,今晚磕到死
3231643590,周周直播间整合歌单,66169,酷酷_LG
2910040661,IN SIDE风格歌曲,48890,imAiden-
2825759982,引诱你坠入深渊的妖精-『病娇色気向BGM』,84万,糯米小鲶鱼
5027877785,deadmau5: 我的专属隔离歌单,49012,deadmau5_Music
2434987000,化妆拍照BGM.,3704万,Lscheese
3225241908,宇宙星河浪漫，生活点滴温暖,154万,荒墨Kurihara
4947651928,『瞬息沉浮』眼前一片人间烟云,40万,生活委员
2970772045,【脏标】这些E标歌曲，好听就行了,31万,正在数月亮
2903998296,500首好听的英文歌,108万,乐瑥x
2995650489,新古典丨悲怆人间，幸而这月光柔软,162万,摇滾乌托邦
3223238736,营业悖论丨20200325,18377,-小玫瑰掉进了红池塘-
2561623331,那些好听到单曲循环的歌,263万,Audrey江挽
2618915549,你搜不到的土嗨神曲,4961万,孤单又灿烂的神丨鬼怪
2986686032,♪Furkan、 来电铃声‖ 〖精选〗,33万,Enwar-722
3222931194,BGM专供区,22792,steph_YIFr
2232237850,耳朵喜欢你 好听到可以单曲循环,16007万,鹿白川
4908673882,2020最好听的歌曲大全《精选热门》,17万,笑脸是悲伤的面纱C
2945426789,[英文]简单易学的英文歌适合初学者,12万,今天雷雨大风4-5级
2820354919,☆超好听的热歌☆,58202,沐沐muma
2896190369,欧美原声丨躲藏在音乐里的电影情节,276万,欧美音乐杂货铺
2564248252,【心动模式】i see your monster.,205万,也不再计较灵魂
2867085162,꧁霉霉（VIP专享）｜精编꧂®,38571,TayAriMi
2884230478,脏标E歌曲收录 ✘,28840,inlalaland-Y
3110875084,R.I.P.☹“27岁俱乐部”☹,10万,说唱HIPHOP
4858517761,2020精选抖音热门短视频/电影剪辑BGM,19117,_追梦大叔
2885902411,【欧美暗黑系】反派至上 邪恶永存,87593,pudding嘟
2756057288,❤️Can We Kiss Forever?,26万,ServerHeng
3131916843,大锤宝藏歌单,21万,大锤Hammer
2928116437,神楽七奈_DD斩首,68353,朵莉丝suki
2859214503,[一周欧美上新] 舞曲女王Lady Gaga回归，邀您共赴神彩星球🌗,1011万,网易云音乐
2913623900,丨欧美丨嘻哈丨饶舌丨,42万,pop-out
3084170384,2019年度最佳说唱,25307,MeloNoLove
4880818010,旋律说唱 Melody Rap 精选行货,27万,TExxv
2673281124,超炸英文rap,28万,lilcool19
2781171195,*刷题食用*Linya Peng❤彭酱酱,19667,BeritBeritBerit
2697867308,前奏就让你疯狂/trap/欧美hiphop/精选/,112万,用户538809545
4931678271,霍格沃茨欢迎你回家！快换上长袍来听课,90391,云音乐VIP
3033297851,嘻哈星节奏《Rhythm+Flow》 AKA美国有嘻哈,49121,大松宋嵩许
4882062204,小丑女哈利奎因bgm,30620,图南nj
2679916677,『Melodic Rap』 | 令人沉醉的旋律说唱 |,72万,XXXSUICIDE
2895367854,$$Hiphop,49万,充气马桶
2709409904,暗黑系/斯文败类/反派/偏执/性感BGM,15万,秋刀鱼爱起司猫
2975510329,2019年最吊的Hook,165万,Sauce420
2803264470,黑人说唱 | 匪帮Rap,111万,喝勺你的蛋白粉
2806863490,ASAP Rocky最炸Verse神曲合集,12万,TrapTV
4890328458,迷幻&兴奋剂RAP¥[NEW W¥BE]¥EMO,10万,后期混音找killerJ
3179343096,「姆爷好听的单曲TOP100」,42217,混圈男孩Isaac
2937929039,rapper常有天才不常有,32048,RICHMAP
4985844523,Travis Scott 堡垒之夜,29171,稗___
3020663385,电影故事｜唯愿音乐慰藉心灵,220万,下一颗巧克力
2755687592,Trap:当炸裂beat配上炸裂说唱flow,23万,老爹揍扁了阿福
2840884575,和风&匪帮trap 炸翻你的耳膜,17万,GOCHEN4L
4864450403,不容错过的hiphop/rap/trap/os etc(持续更,10万,孙宇瑶Grasheyl外加一个小樱桃
3000719797,ʀᴏʟʟɪɴɢ丨节奏水枪 × Lit Drum,124万,节奏水枪Beat_WaterPistol
2887430766,毒瘾Trap私人Park,14万,EVILD0G
4983181389,欧美｜听话哦，假期宅在家好好听歌吧。,137万,傻傻傻傻傻了
2829137850,Vol . 51 「旋 律 说 唱」,370万,FlyingClub
2727853808,超级安利的午后必听英文歌曲,203万,TeMpT-y
4904383601,燃向RAP｜我知道你很累但不能是放弃的理由,66501,wawa明天绝不晚睡绝不上课迟到
4969006987,痰王Future表现超好的歌曲,21721,IiIuzivert
4954232593,送你一整个歌单，你要不要做我女朋友？,11万,祝己年少有为
4912676360,优质冷门 | Hospital厂牌精选歌曲,46639,HospitalRecords
2873336061,Hip-Hop旋律说唱，听你诉说这个世界,172万,原点FM
3181777536,星河浪漫史｜复古节拍 迈阿密之夜,61万,-KooTo-
4945883467,MELODYRAP,22万,SCARBOIT
3211610053,New School Hiphop/R&B,20776,plzwak1up
2394125021,请随机播放，切歌算你赢,478万,LEYOONAFRIEND
2985655343,〖不对等的爱情 Kara Sevda〗♡原声带,54098,Ablajan-Awut-Ayup-资讯站
2817554177,超酷超拽的英文Rap（持更）,151万,AAXJ_
2834541825,「魔音盒」仿佛看了一场奇幻舞台剧,77492,希贝儿Sibyl
4865075373,The Score丨让我们产生共鸣的音乐,49672,TheScoreMusic
2827772008,节奏强心剂｜一秒入耳的白人Rapper,171万,十三逆旅Cobain
2660676614,本仙女make up/卸妆/敷面膜/洗澡洗脸/ 歌单,91万,-crystall-
4861811550,抖音 2020最火歌曲盘点 实时更新,28万,小调调DT
2864730005,New/rap/小众/冷门,22万,lovzeros
2540567422,Beats | 说唱伴奏,98396,COAST_MUSIC
3114942053,Foale的音乐小站,30427,Foale
2995267320,橙光——《禁忌之城》歌单,42548,Ms笛笛sM
2883259535,Hip-hop | 盘点欧美实力酷酷的女Rapper,27万,飞行棋的猫mor
2847841459,适合写作业时听的歌/刷题歌单.,210万,小困吃饱了-
3232190719,旋律控必备！那些开嗓跪的欧美小众歌曲✨,455万,BAEK-J
2287380795,善待自己 明天和意外谁先来谁都不知,7397万,小攀哟
4985983390,百听不厌的大师说唱。,28万,minnn1801
3196264232,『起床』拉窗帘/刷牙/洗脸/喝水/换衣服,239万,Ceaoee
2841424429,脏标E大赏【续更】,85624,Linskual
5007420012,『情歌抒情/Rap Beat/说唱伴奏/说唱Beat』,14万,_WayMen_
2942278931,论怎么做一个酷而有品的人,29万,ChokeWhale
4923629906,日月盈昃，容不下我对你的款款深情,56万,Kesha_EDM
2871897839,最甜女声 | 每首都让人陶醉,456万,迟到得到
3179407509,甜腻的糖，甜腻的你,49092,SG丶我叫张坏坏
3137652895,ET外星人街舞,55699,Ckeiiiii
2866293458,论如何优雅的打开放松时光,234万,少年的半岛铁盒
4880521696,抖音歌曲大全2020,18万,謬湝
2892456399,迪士尼反派后妈茶话会&公主饶舌大战,15万,艺术是人优质魅力的体现
2974268402,Rosé,82847,方知清欢
3200483160,良医第一季插曲,55144,王巍爱听我的快乐
2835531522,刺客信条Ezio′s Family的各个版本,26万,Blue_sky_smile
2855959375,Tiktok国际版｜持续更新,28万,gioanna
4869377947,北方的烈阳专属歌单（持续更新）,83204,小桃喜欢陈嘉琦
4881135507,抖音直播 PK 上礼物战歌,32103,宫洺先生_
2916489855,缘分才能遇到的神仙歌曲❤,46337,原味力力
4881066023,<甜味女孩>早上起来时 整个世界都是礼物,132万,宇宙徒步旅行家
2483059412,兜 风 听 什 么,364万,shakemyhead
2812061419,Apple 苹果产品宣传广告 (BGM),22万,c17869
2790947127,〖宝藏〗每首都很入耳，建议随机播放,77万,剑仙xg
3027829356,“一起去野餐吧！”★惬意的假日时光,253万,羊羊小毛衣
5003765400,粉色黄昏|与你相拥在温柔梦境,71万,Spectual
4926923314,关上门 就让我在你怀里沉溺.,17924,Vanessa_甜甜
4878310035,让我循环一天的原创以及cover,64183,X-K93
4906026654,ZeePruk’s PLAYLIST,99467,--_-_-_-_-_-
2936998409, ̆̈律感众乐┋透过主流觅独立 ,52万,loupurple
3214584675,篮球巨星科比，再见,313万,Gotnofears_Show
2829816518,[欧美私人订制] 最懂你的欧美推荐 每日更新35首,16172万,网易云音乐
4924419398,TikTok热单 | Spotify官方歌单 | 同步更新,28315,ItsnotChristine
3033668435,Tik Tok bgm(持续更新),15万,HelloVampire0
2672631056,忧伤大提琴名曲,13万,XU帆008
4876226401,浪漫化身| 抽象表达，诗与歌的远方,66万,鱼骨与飞鸟集
4966358322,Troyboi：甄选歌单,28567,troyboi_music
2916761187,DJ★ ғᴜʀᴋᴀɴ śᴏʏśᴀʟ ★噢美,69万,Nurfefe-official
2862089348,城市夜景 · 月色下戴着耳机漫步的行人,87万,shakemyhead
4914162511,林肯公园那些不要钱的歌,32099,LinkinPark资讯站
2578068117,2018年度最热新歌TOP100,16260万,网易云音乐
3230634962,minecraft MV音乐全集,33678,TryHarbNinja
3012142454,晚安曲 愿一切美好的事物伴你左右,275万,樱桃味音乐
2745777287,精致女孩的起床洗漱洗澡化妆bgm,137万,pppeepsi
4915255921,「春」｜ 欧美 / 春日苏醒篇 / 温柔卦微风,91520,eeeeezus
2872609549,赛博朋克 迷失未来,20万,Galadhrim
4936334734,DY视频BGM,17万,COSMIC_DREAM
3052330823,『令人心动的Offer』BGM 合辑,14万,WLU-Sunny
2864800744,SKAM比利时版第三季BGM全记录|WtFock(顺序),85800,Yeah-Sir
2765949616,舞力全开2020 Just Dance 2020 官方歌单,21万,炸肉
2584001962,2020抖音热门BGM，持续更新（抖音2020）,540万,活该你风生水起
3020407831,Pitchfork评选10年代最佳200首歌曲,115万,流亡大街
3235998761,艺术流行｜独树一帜的先行者们,42万,Rhaast
3064104603,【VIP会员专享】这些歌✔值得让你买黑胶,102万,幽情花儿开
3060659920,英伦情调|深海中的温柔孤岛,131万,Unexplainable
2953854615,2019无敌大串烧完整集合 | 宝藏歌单,118万,麦月二七_
4859389217,<ASMR>骚Night,47391,钟声
4872845295,在想念你的时候， 就把温柔的自己用完了,92万,-XxxGreyen-
3208561935,乡村公路与西部牛仔【乡野休闲自驾游旅行】,62091,高原乌鸦
4867708952,抖音电台_提不困《背景音乐》,54712,黑小孩C_
2832903555,来杯彩色汽水！论如何优雅地度过夏天,409万,网易云音乐
4932286554,Lola Coca：我们的音乐梦歌单,55875,LolaCoca_Official
5042429601,琴乐之声｜邂逅指尖轻舞的诗行里,69869,獨鎵誋憶
2874960471,王一博 | 跳舞bgm,126万,不知名追星少女
3221778898,抖音热歌大合集,195万,抖音小程序
4974936239,「情绪浅唱」 钢琴点缀，聆余音萦绕,89万,会是猫的薛定谔
2894080795,【GLR_G】丽姐视频里出现过的bgm❤同步更新,82万,喜恶灵_
4995122858,『夏日遐想』萦绕耳畔的低吟浅唱,10万,棕鹿与独角兽
2769362599,one voice天使合唱团~翻唱及原唱,34万,来大碗香菜
2955459185,第62届格莱美提名名单,394万,欧美音乐杂货铺
4875649545,感受拉美风情的狂热与温柔,15万,环球音乐国际部
4969079749,欧美 | 欢快小调拯救你的不开心,217万,迟到情书
2651036663,那些好听到爆了的歌,11351万,迟到得到
3139357901,好听到单曲循环鸭～【持续更新】,98万,宇智波Show
5038316098,沉醉每一刻的甜美时光,14万,浪琴表Longines
4909959513,『星际迷航』银河搭车客指南,69万,Galaxy银河映像
3029505227,不负好时光|节奏迷人，做自己生活中的主角,128万,后原
2898257741,<迷幻花园>玫瑰生长于灵魂之上,318万,宇宙徒步旅行家
2810503639,雾感女嗓 | 情绪游离的灵魂女诗人,134万,灵魂超市收破旧灵魂没人要的灵魂
4868257678,【致郁难过】逃脱不了的悲伤,23401,SlimFey
2980925959,Old Town Road 各版本合集(万马奔腾[滑稽]),95061,大狸子和小栗子
2994827194,独行者|驻足于深夜路灯下的孤寂灵魂,16万,Aelief-东宫
3186215562,家庭暴力/家暴/悲惨童年人生治愈歌精选,11万,云音乐树洞园崎法子
3018821569,死亡搁浅官方歌单Death Stranding:Timefall,124万,传说中的蛙神
2946602896,极品飞车21：热度 (NFS: Heat) 原声,11万,Kingdown133
3082891286,《冰雪奇缘2》 Frozen 2 丨电影原声专辑,12万,小小的世界66
4870343059,全程高能｜TECH HOUSE 精选集,44090,佛系电音文化研究所
3094523972,「小丑」2019，原声带、预告&插曲,34249,想吃颜色好看的食物
3211824374,一位不愿透露姓名的酷哥的歌单,12万,puppy的士高
4979627647,夜深梦浅|不要睡得太晚 愿你一夜好眠,87万,37号元素
3101613217,【溫柔嗓音】keshi/demxntia,43073,月亮錯覺
3015279171,星际遨游 | 太空美术馆，宇宙限量贩卖浪漫,121万,鱼骨与飞鸟集
2778997341,全 球 最 喪 曲 ！,162万,你尽管哭有人安慰你算我输
2910132420,Him的一生！原版！,30898,抬棺小孩
4879453483,哈莉奎茵:猛禽小队Birds of Prey顺序版插曲,15万,大野桑的小汤圆儿
2868987314,Euphoria |亢奋 [美剧] OST ㅤㅤ☜…,112万,OedoKuipers
4872287400,【治愈篇】六公主的蓝心俱乐部BHC第2辑,50万,Lauv
2934475827,OPUS EDITION服装店背景音乐,21万,JoeyKim
2916351616,<浪漫逃亡>想躲在花堆中睡个美美午觉吗,76万,宇宙徒步旅行家
3140210379,消逝的洛依成.,90979,消逝的洛依成
2907212090,浪漫黄昏|夕阳总会温柔的落在你肩上,341万,桑菲尔德L
2658719297,Billie Eilish-私藏的小精灵,689万,DISABLEman
5005479890,Normal People 普通人 英剧 BBC&hulu,74363,GreenRiddle-Park
4984064399,双子座的随机播放,37067,陶白白33
4972407802,ONE WORLD: Together at Home,37899,青年蒸气YouthVapor
2821845830,浪漫欧美 | 藏着喜欢，被你眼中的星河照亮,88万,后原
4925081114,[半夜笑出猪叫系列]猎奇必备 鬼片壮胆,23153,我心飞扬lalala
2730291578,「皱起的雾」夜空中潜沉着死去的月亮,624万,独行的棕鹿
3085667757,【冰雪奇缘2·电影原声带】《Frozen2》,33548,爱吃酸皮奶的现老婆iu
2818432819,小众冷门佳曲迷醉气息蝶自来 | 欧美篇,225万,EricCheng-
3195822488,良医BGM,35417,114行星
2411629173,温柔英文歌-睡觉专用,1286万,w柚w
3216200486,期待夏天 l 夏日限定赏味,74万,Avendure
2860495870,助眠向 | 喃喃细语伴你入梦✨,78万,少年的半岛铁盒
3177748877,Cytus2-PAFF,19524,Dreambuilder1710
3165659814,晚安曲·月亮躲在云里 我想躲在你怀里,124万,可你怎么总是忘记我很爱你
2880742579,ɴɪɢʜᴛ ᴠɪʙᴇ·今夜，一起坠入温柔的浪漫海洋,333万,Kaleidoscott
4940515262,【EA7Ⅰ节奏控】,34489,小凯哥-丶
3060679347,私藏推荐 | 漫步银河，捕捞漏网的星辰,88万,鱼骨与飞鸟集
3138479105,[欧美]致幻冷门 一秒沦陷,12万,uglywhenIcry
4994485305,『欧美』一股仙气般嗓音，轻触着你,41906,哥哥要喝排骨汤吗
3106401123,蜜桃成熟时｜撩人音律 声线挑拨,119万,-KooTo-
2902663078,Begin Again 3 JTBC音乐综艺,25万,荞荞荞麦面
3020315106,早睡早起 做个好人,25万,fffffeb
3238087612,小丑 | 电影主题曲、配乐,30524,吴阿嬷嬷哒
3235993041,按摩耳朵舔,61625,稀里糊涂的1908
3004448259,ʟᴏғɪ丨节奏水枪 × 磁 带 饱 和,73万,节奏水枪Beat_WaterPistol
4991483318,正常人 Normal People,66879,SherlockkkkkH
3017056881,《舞蹈风暴第一季》BGM 完结,36万,拓荒者2015
4857465014,你将如闪电般归来,58996,鹰典
2890980970,JTBC韩综「Begin Again3」BGM(持更ing),120万,酒心怪獸
4992098262,【英剧】普通人 Normal People OST,13万,甲鱼cjy
2862129796,『经典影音』穿梭五十部魔幻的美国动画电影,96万,十三逆旅Cobain
4868483437,爱将再次联结你我，重温往日相聚的时光,48491,轻松调频EZFM
2852560959,静谧钢琴 | 黑白琴键是宇宙间的温柔,85万,LeoOfficial
5022413817,不一样的烟火，一样可以绽放！,31万,苏奕杰
3014927711,Joker《小丑》电影〖原声收录】,62020,Cosmos0717
3007995558,【Billboard】美国B榜最佳R&B/Hip-Hop合集,339万,MusicalTimes
2908141829,нугназ·эрсидин-俄丁,11万,Ormars
3237296299,第92届奥斯卡获奖电影原声,242万,楼船夜雪天
3196569458,美式摇滚｜不落之辉，传奇之根,21万,CallMeProphet
2952846531,音乐神秘岛♪感受温柔与梦幻的碰撞,245万,羊羊小毛衣
4935031355,美学电影｜画语人生，艺术的自我修养,57万,十三逆旅Cobain
2808486097,Summer ° 海盐风味夏日迷幻音乐,169万,摇滾乌托邦
4864199296,【HBO】《我的天才女友第二季》,40234,橘里九间
3229941142,【R&B】都是些喝酒时听的歌,21万,HolyGrail98888
3125937006,圣诞老人会把爱和奇迹给勇敢的人,62687,为我失神
4859767316,·梦幻独立Ⅱ | 粉蓝烟霭， 少女心境,13万,BeerBadBlood
4990853268,宝藏嗓音：痴迷一场声色幻觉,85万,mayuko然
2940793253,Tenderness For Nights 深夜入睡指南,249万,Joceah
4889806799,世界十大禁歌,43万,用户2130026413
2962624327,《小丑》（JOKER）2019 电影 原声,33万,-----Vincent----
4908834437,星座漫游2020｜双鱼,98383,唐汉霄SeanTang
2907233338,暮光之橙|飞往阿尔卑斯甜橙星,79580,溺水小熊
4908052313,「止步歌品」不可说某位的歌单,71016,你的小太阳鸭
2819526536,夏日浪漫旅行 | 电车沿线 除了夏天禁止入内,177万,鹿北浠
3212794775,2020年第62届格莱美获奖及表演曲目,94952,TRIPHOPP
4945106473,「Bright’s PLAYLIST」,47156,几凡呀
2930256026,♥罗渽民的推荐歌单♥持续更新ing,34636,LAAAAPIS
4910927472,『R&B』遨游在自我的动感星系,85万,生活委员
4914340888,梦幻流行‖缥缈梦境般的迷幻氛围,16万,英格兰的童话
4997929163,【真心半解/The half of it】插曲,26643,-Bazinga-Pivot-
2902128439,Urban · 历届格莱美精选集,162万,蜜糖男孩
3231197186,快手最火歌曲2020,78605,Alkam-音乐
3017128691,年轻的教宗/新教宗合集,44585,VARERED
5004756225,黑帮大佬和我的365日/365 dni,82810,Coral-Young
3182152298,梦清的理想国PLATONIC✧小红书歌单,45081,PLATONIC-梦清的理想国
3225389250,2020 第54届 超级碗中场秀,31330,柚子_Ocha
3042446515,极致幻境｜坠入浪漫宇宙的低沉旋律,32万,Bzstrive
3230546212,耳鬓厮磨 | 相拥而眠，情话说到天亮,79万,olly的牙缝
3198941866,欧美R&B：那些挑动心弦的惊艳佳作,174万,BAEK-J
3197460335,英剧X教育/X自修室/*Education 第二季ost,66047,Darcy_letter
3087582965,诗意人生|慵懒旧时光，温柔缱绻,38万,小福贵咖啡RICHIE
2837705789,Disco/Funk/Funky | 回到70/80年代,19万,是喪尸
2667641834,梦幻摇滚 I 倚梦阑香，失真幻象,211万,山河暮归
3035109170,现代爱情/Modern Love/原声带,38万,请你一直开心
5017409561,沙发音乐｜慵懒惬意的小资格调,58万,Rhaast
3193920152,春节特辑·伴你归乡的新古典,23615,云音乐古典之声
4935363680,骚灵制造｜Soul Digger,18万,亏普
2845021651,JOJO福音（第八部）替身歌单,36967,无名之马
3083747511,【无耻之徒】Shameless一至十季BGM合辑,28197,ewqswj
2960542099,Tabata高强度间歇训练 有氧运动音乐321 Go!,11万,密斯特温
2577388187,Future Beats ◐ 糟糕，是心肌梗塞的感觉！,3130万,NickyRomero
3087661992,冰雪奇缘2 中文版电影原声带,83969,正准备认真学习的电脑
3106205625,了不起的麦瑟尔夫人 第三季 8集已更完,28457,贾老板听不来课
3142475336,少年乔乔的异想世界 Jojo Rabbit 电影原声,52973,不正常人类研究中心负责人
3080593319,冰雪奇缘2中文原声带,71万,小小洛NaMI
4861494518,绅士们 / The Gentlemen | Soundtrack,87950,channelBLONDED
3115699150,【杯酒人生】蓝调布鲁斯爵士的性感浪漫情调,11万,BIAO丶ET
2721886682,CAROLE&TUESDAY/卡罗尔与星期二 精选音乐集,526万,爆肝工程师的狂想曲
2924642202,浴室里的单人舞会,68万,fantab01
2570049352,迪士尼：梦开始的地方,457万,楼船夜雪天
3093929396,The Irishman爱尔兰人影视原声,91621,CnZjY
3048874765,维吾尔族丶经典音乐丶uyghurqa,40万,DjFoRRay
3067699384,昨日重现，好莱坞黄金时代,127万,蝶影丛虫
3083802604,冰雪奇缘2【英文原声带】,100万,执白j
2909473293,精选Tabata音乐,10万,Barbell_is_Medicine
4900445224,毁灭战士：永恒专用歌单,22632,给你的星星_
4871550866,美剧小玫瑰【失恋排行榜】High Fidelity,36979,美剧小玫瑰
3110472204,电影《小妇人》原声带（ Little Women）,43708,莎士比亚书店
5001736445,失重R&B：心碎孤岛时代,79万,蜜糖男孩
2651898154,黑胶唱片机|微醺情调耳边低语,32万,intropinrevivan
3058730982,Lofi Fruits丨音乐迷人 酒到微醺,273万,金暗洙
2936255937,倾吐隐秘情绪｜百位R&B歌手精选,297万,蜜糖男孩
2962676719,复古浪漫丨摩登生活需要怀旧感,139万,摇滾乌托邦
3048493659,向前去吧！鼓舞人心的音乐剧金曲！,124万,楼船夜雪天
2738759532,『爵士音乐』情醉意迷，微醺慵懒的酒馆,380万,一生向海
3088440273,Jazz小调° | 慵懒性感的忧郁,79996,Feillica
3110463898,高中英语单词3500·高考加油鸭,24749,胡子拉碴的猥琐阿姨
3037726589,黑人音乐丨Jazz 美国老牌爵士乐演唱家,156万,仲山奥理
3026238005,慵懒爵士乐：享受懒床周末好时光,22万,真咸鱼饼干
2929716241,意大利童声｜艺术的语言，天籁的嗓音,63225,Hugo阝東
3065547249,冰雪奇缘2主题曲各版本收集,56627,AABBWHY
3078266620,冰雪奇缘2Into the unknown各国语版frozen2,35232,外星人42
3091306978,冰雪奇缘2【电影插曲＆片尾曲】,25471,zwaik
4952156751,Signed Artist: XING KONG,19847,电子音乐资讯
4950305784,Aliya Mamut,44338,AliMov-Official
3015809683,【空夏行为】必备曲目／精选版,10万,O-5议会
3048185979,【刷级】一分钟歌单,75619,呆橘花胖子
2806455764,金高银翻唱系列 | 原唱 | ins/综艺推荐,18万,fragilefairy
4894112858,〖Bright Vachirawit〗亮仔的翻唱歌单,11万,我想到重建星空的可能
2944398305,维吾尔歌手 | Bilal Enwer,133万,Nurali-FM
2903870076,milet♡（持续更新）,25169,大爱milet
3227464393,蹦迪专用嗨曲 2020CLUB(BL3ND-Two),18348,你的外哥
4959820879,生化危机3重制版原声大碟（无抵抗）,17882,ThePG_
5004400238,刘怡潼直播BGM（开学断更,17495,是知予呀_zy
3111210053,蒸汽波 |复 古 水 蒸 汽 V a p o r w e,17369,麋鹿岛屿-
4900957679,FiveShare节目歌单-FunkyBuster（更新中）,17332,TWH电台TuziWithHipHop
3205701726,【性教育sex education】第二季bgm/全/无误,17176,Tro_nnor_
5012657306,365 dni[黑帮大佬和我的365日],17424,叶叶叶叶叶明珠
3064656976,音乐斯图秀（持续更新）,16546,音乐斯图秀
5014149244,Krewella: 那些炸裂EDM回归歌单,16500,Krewella_Official
3087257711,【GTA5】电台《明镜公园之音》,15937,洛圣都交通LST
3227242523,班迪与墨水机器官方曲+同人曲,15723,bepurity
2625150755,司琛姥爷的歌单,17042,司琛瘦了
4864650891,那些年惠高广播台放过的歌,14215,Chorer
4911013533,打游戏必备【战歌、节奏电音、重金属】,14240,RJJ辉少
3218573457,公主rap&后妈联盟,13707,_山鬼_乔乔
4879834665,马龙Post Malone,13577,维维超人丶
4941563398,迷幻音谱&振奋激昂,13279,AdeIina
2979064913,杭州XX酒吧,13262,杭州酒吧定台
4906444489,500feet,12888,李熙霖_
3186308594,王者荣耀曜战歌 (BGM)上分必备。,12888,顾情wy
5027204682,Nicky Romero：电音感受爱之召唤,12640,Nicky_Romero_Official
3223910731,“贫穷”Coldplay粉集合地,12397,Strawberry-Swing_
3176179830,Eminem姆爷生涯三十佳,12653,Venjestan
4890125786,「Gawx的BGM丨涂鸦艺术」,12149,DC_collection
4867118022,【HIPHOP说唱】必 听 的 经 典 钻 石 单 曲,12128,迷人的混蛋是西西
4880315324,游戏必备（我就是战神!),12153,心动的温度是三十八度
4977748318,孤独星球//MY Lonely Planet,11821,_CANDi_CE
4981061966,LISA BLACKPINKの『⁰³²⁷唱片行』,11846,LISA唱歌了吗
4940074003,盖·里奇 | 绅士们 The Gentlemen,11683,辰星晓Reginamoon
4903947580,DJ ♚ Furkan soysal ♚ 欧美 ♚,11582,Nurfefe_officiaL
4891302952,MaRLo：带你去音乐的制高点,11372,MaRLo_Official
4858416068,网易电台:竹逸i,11372,--陳昊
4919185780,SexyBeauty,11296,餅乾死掉了醬
3213102794,Bilibili2020拜年祭,11204,我可能已经爱上warma了
3217393589,【美剧】紧急呼救：孤星 9-1-1: Lone Star,11040,Hermann-
3180785195,NEXU Yearmix 2019 (2010-2019),10763,sparkle_
4873950432,Élite(Elite)名校风暴第三季插曲,10565,SOno5
3224944828,猛禽小队和哈莉·奎因Harley Quinn小丑女,10477,angelaenchilada
3170097226,纪念佛罗里达最硬的黑人,10351,Dracula-Davi
4886532743,CSGO ESL，EPL，Road to Rio意外好听中场歌曲,10234,Milo想要好成绩
3188804141,美剧良医【S1】the Good Doctor,9784,Margueritepoon
3225649802,vlog背景音乐/爵士/论文/上下班路上舒适摇,9322,Ly_ce
5037105631,最能让人获得幸福感,9087,左岸咖啡
4980160332,2020年快手最火歌曲大全,9137,倾婉公主
3172626150,2020︱Psy-Trance ॐ 平行宇宙意识本源 ॐ,9053,PROMISE_EDM
4942745093,（燃向）提神醒脑/刷题,8999,晚安小文
3220931510,神仙bgm,8974,i斩月
4964718240,复 古 音 乐｜律 动 指 南,8957,暱稱上火
4987497806,浪漫温柔向 | 坠入星河,9074,August1314
4878890601,【清澈·英文】冷门惊艳四座,8701,阿舒一八零
3173161078,日久不生情 （沈巍×井然）,8726,星回_____
4919214449,CONFESSION官方厂牌歌单,8528,TchamiOfficial
5023675695,Jenlisa ‖ Jennie + Lisa ｜BLACKPINK,8398,丸子温
3085293755,触发音/助眠催眠/安心睡觉,8163,成狗哥-
4862635736,「CORE」欧美动感×电子混响,8092,Lunatic-asylum-_-
4940099101,『Beats』 蜜糖味精选&晃头警告⚡,8033,丶Alonem
4888735126,Hercai(Orijinal Dizi Müzikle),7907,MEHREE
4871319334,【心动模式】耳机分你一半，开启心动模式,7844,xxxyn__
3173333093,第五人格 sh7adow的歌单～,7701,冬冬没有兜兜吖
4955576456,电子情绪丨细数电音里的极致浪漫,7697,Akiracri
4883477523,美剧 这样不OK / 非我所愿 原声OST 更新中,7630,Xthousis6
4883079202,关于哈利的那些事,7630,龙叔与Doc的旅行日记
4879924824,【美剧】良医插曲BGM 第二季,7151,安生麦加-
4975209904,刘令姿微博推荐歌曲合集,7138,RRRRKKKKSKY
4888920141,宝藏歌单《我的歌单正在等待他的宇航员》,7159,老叁音乐
5004630349,FLOW++,7042,ChampagnepapiCN
4941481437,给碧梨首专带来灵感的歌,6941,Billie_Eilish梨梨
3214668503,『高级的vlog小众音乐』,6349,春日抹抹茶_
4859725820,欧美|那些好听到爆的电影主题曲,6374,Tsed-
4994035261,标准结局 黑人抬棺,6248,起个名字好难315
4862269763,「旋律控&开口跪」一秒入耳的欧美男嗓,6189,丨IIIIIIIIII丨
3224377181,温暖治愈：希望月亮能代替我拥抱你,45万,mayuko然
4967062107,coldplay网易云穷人专属歌单,6097,油烟机yj
4890062378,Jauz：激励我的歌曲合集,5966,JauzOfficial
3226645390,黑白恋曲,6017,_Rahila_
2881804460,Future Bounce｜弹力十足的极致音律,44万,一个酷爱听歌的骚年
5004403354,校园情圣The Half of It | 电影原声音乐BGM,5924,五月未了
4917994455,西部世界 第三季 Westworld E08已更新完全,5908,FBOC
4891066072,会上瘾，易上头｜迷之旋律︒幻之嗓音,5950,Distlnctive
4947851583,和平精英打狙专用,5878,江风引鹤
2679005493,『仙气女电』沉醉于灵动飘渺的仙嗓,42万,一生向海
4887470474,【顶级电音】五元音响破坏者 VIP专享♝,6500,YouTube视频君
4905360089,「超好听的英文歌」你有一份宝藏未签收,5668,顾槿OvO
3130926975,愿暖春的夜夜星辉， 全都为你灼烁不熄,40万,-XxxGreyen-
4968085436,25首适合学生党写作业，熬夜时听的歌,5593,十三少女病_ZBEyl
4885133469,冲浪摇滚｜一同掀起欢乐的浪潮,39万,Rhaast
4863151425,我的世界起床战争超燃歌曲（不定时更新）,5572,三九老八
4929232463,Feel Good | 迷醉伦敦 | 心向快乐,5517,_仚_
4891115827,0greatocean0制作鬼畜说唱使用过的歌曲,5513,JunoXu住参宿七上
4890617591,尚九熙！上车啊！,5462,贝肯尼的宝贝_
4884353474,应该拥有的宝藏音乐0.2丨总,5458,哔哩丶皓修不是好秀
4902813157,LADYGAGA 推荐歌单“WOMEN OF CHOICE”,5416,chiamingTUAN
3102314489,【Future bass】色彩漩涡，摄人心魂,36万,曲库小护士
3027141720,ﺋﺂﭘﺘﯩﻤﻮﺑﯩﻠﺪﺂ ﺋﺂﯕﻼﯓ车载,36万,Nurfefe-official
3214426005,跳绳健身踩点专用,5185,MOM_KiLL_ME
4927854999,[五维]处子之山⁵Fúsi,5118,5d_of-pain
4927966471,Hardstyle音乐匠,5013,Hardstyle音乐匠
3111369145,抱歉 我天生很酷 走路带风,33万,鹿白川
4862635756,满目星辰，满耳电音,4820,几迟ovo
4865560587,【音乐处方】清醒头脑的巴赫平均律,4673,ChloeMusicTherapy
4944550073,泳池摇滚丨夏日酸甜味噪响苏打水,4635,陈北及
2845364680,极致走心说唱|NF精选,30万,Unexplainable
4984902606,堡垒之夜 TRAVIS SCOTT'S ASTRONOMICAL,4568,口零
4999632960,创造营2020||歌曲合集☆,4618,今日含金量
4884930414,我的天才女友 第1＆2季 L'amica geniale,4555,Todayisnotsobad
4872818571,筑梦空间 反向催眠练习册,28万,薄荷猫晒太阳
4991878928,【hulu/BBC】《正常人/Normal People》插曲,4454,-Satellite
5025636101,｜MUSE PLUS｜蹦迪的脚步无处不在,4442,武汉-MasterDJ-Studio
5017740765,AlanWalker 艾兰沃克集,4412,Artem15
5023488621,视频BGM,4438,COSMIC-DREAM
3190969407,电音之神，V神作品收录,4307,豳藝铘
4957019645,这瓜保熟吗？,4282,往事重提是折磨灬
4949167225,Post Punk | 放宽幻想，狂噪心声,26万,LovelyWICK
4881051532,Henry-lau刘宪华翻唱歌曲合集,4173,pincky
3226336724,春日限定☆星辰大海里闪闪发光的宝藏,25万,樱桃味音乐
4912936099,二次元emo rap☆＜3,4081,天才少女14岁
4894067709,Elite/名校风暴第三季 OST,4026,Frankyle
2979201561,「下午茶」街角咖啡店 悠闲下午茶,24万,Amber丶Queen
4897541829,那些好听又找不到的歌,4005,Wangxmnice
4997611705,【阿西月推】2020年4月必听的20首新歌,4001,老阿西
4893450124,半路枪手/腰间持枪 Guns Akimbo ！电影原声,3980,名字被占用了没法起
2847944814,『先知花园』午后柔软女声/呢喃呓语,22万,Ceaoee
4883889100,糊图基地｜礼物,3824,_Naivete
3223946120,置身浓情呓语间，体会人间百种风情,22万,Kesha_EDM
2832842727,全网通用『关羽』砍人 推人,22万,网易音乐人木然
4955965649,英文说唱｜old school/trap混合歌单,3757,Geist7
4913670426,NickyRomero,3719,甜豆莎梨
4964295000,Vlog欢快小调｜好心情永不打烊,21万,时光如水你好
5011140195,Normal People:Marianne's Playlist,3619,高司令坐我旁边
4924410632,紸覌涠訫$,3539,June_11z
5026097411,抖音最火外语歌TOP100,3493,蚕豆音乐娘
3236305625,Taylor Swift | 美国恶女霉霉的伴奏,3375,VictorSwift17
5013884313,Afro风情 | 感受异域氛围的极致律动,18万,灵魂超市收破旧灵魂没人要的灵魂
3107210318,Ya 咸咸*BGM,3871,快跟着我
4963939064,Defending Jacob 捍卫雅各布原声&背景音乐,3241,Fightin_theGoodFight
4990848633,Never Have I Ever 第一季插曲全 按序排放,3157,Liv-_-
3069615802,【有个恋爱我想谈谈】有Billy单身节不孤单,16万,Lauv
4992792421,这些歌一定适合在打游戏时作为你的专属BGM,3060,佰鬼绫目
5014151644,UPLOAD S1/上载新生 第一季,3068,JC_LUFIEKE
4980858378,做你想做的,3043,取向狙击苦艾酒-
4960917360,西歌时尚&MOFAN店铺音乐,3064,生活如此依旧
4924299113,边路专属BGM,3018,乔妹专属边路
4906366356,ᴇᴀ7̶ `,3018,KRM-
5007959923,黑帮大佬和我的365日（365Days）,3005,370008188
5007957776,Gangs of London / 伦敦黑帮 背景音BGM,2984,唐僧爱虞姬
4925879186,『睡前故事』闭眼倾听 沉入恬静梦乡,15万,EricCheng-
4940455846,舞池燃料丨科技与节拍交织的世界,15万,Ekko-7
3000519754,惬意乡村乐：享受田野悠闲时光,14万,真咸鱼饼干
4920843700,游戏战歌【不知火舞】极品,2825,LOUISAYXY
4894292979,Techno 科技电音,2737,Avicii_GS
4926132340,童稚流行 ‖ 重拾遗失的纯真幻想,13万,英格兰的童话
5019405270,STMPD RCRDS单曲,2741,stmpdrcrds_official
4926207823,《营业悖论》中出现过的歌,2737,不是红枣的枸杞茶
4946101699,学习学习学习！加油！你可以的！,2690,Barry-墨鱼-Allen
4902774638,国际妇女节｜欧美Diva代表作,2674,查令唱片街
2806454809,ROSÉ朴彩英翻唱系列 | 原唱,13万,fragilefairy
2891159377,一些超棒的乐队,12万,puppy的士高
5023150632,『旋律说唱/Rap Beat/说唱伴奏/说唱Beat』,12万,_WayMen_
3234311430,《这个明星来自地球》,2489,关乌鸦
5020665888,The Great 凯瑟琳大帝,2531,irene-js
5007981144,R&B｜沉入律动的海洋,2312,RappitCN
5000457603,创造营2020歌曲收录,2367,小飞流的飞璇儿
4892488111,听过Oldschool Rap才算是个嘻哈迷,2312,HIPHOP_H2
4899694960,DC「猛禽小队和哈莉·奎茵」OST,2279,密林斯派维的白日梦
4933211101,ESL Pro League S11 Official Soundtrack,2279,玉米王子变青蛙
4985173173,Pitchfork女艺人8.5+专辑（不）完整收录,2262,paper猹
4947222634,Sjukt oklar S2 病得不轻/姬得不清 第二季,2233,nytegleden飨悻Eriksson
4887921479,【BUFF加满】银河系终极电竞Mix,2212,TrapNation_Official
4912609759,安宥真推荐歌单❤️,2174,91牌留声机
4929444829,橙光游戏《太受欢迎了》BGM,2153,是渡边君呐cg
4929767629,小猪佩奇出现的bgm/插曲,2161,Epippapg
5048319637,Trap&Rap丨私藏 敬老院必备,2161,catwalk_s
4958475148,打游戏专用-辅助的福音,2077,我爱那个长安的奕星
5008428867,生活不是攀比 幸福源自珍惜,2098,潮音仙
4904279838,B站不会剪辑的果子君剪辑所用BGM～实时更新,2073,Tsorania
4956768553,Moombahton | 电子中的拉丁风情,90214,烈雨
2848751098,酷酷的人 | 听酷酷的歌 | 酷酷的灵魂,87362,飞行棋的猫mor
4911724455,Billions(亿万)第五季BGM,1989,有钱龙史矛革
4945617451,舞娘情缘,1939,Mid-earth
4894491174,Rich Brian七哥（网恋选他！）,1901,XXXX1234567890123456789
4949963583,请准备重低音设备！,1951,TimtaS215
3130607241,2010年代最具代表性的100首歌,77782,welphenEDM
5017504709,我爱你 · 仅对你的怦然心动,75040,环球音乐国际部
4984103648,Skam法版第六季 BGM(持更),1796,不知道的花儿朵朵
4883426529,《新西游记》表志勋的人生歌单,1771,肥宅少女本人
4959821342,那些经典顶级rap.,1771,BaynErhet
2705437286,上官婉儿BGM 『游戏必备』,79055,和你漫入银河
4961043670,Bob Dylan《Murder Most Foul》引用歌曲,1741,加菲众
4948420848,来自北欧 是神的呼唤 | Kulning,1762,AV_Wayne
4962976144,AvrilLavigne（Piano）,1666,AvrilLavigneChina
4899894744,人间三月，法语歌单,1678,PetitChatNoir
4997258648,PES2020 WECN V1.0 OST,1695,尐黹_WECN
5030592652,COTTAGE 857,1645,Miranda-WM
4912549489,黑哥牌提神可乐｜藏在欧美摇滚里的热情,65854,云音乐VIP
4969137423,chynaunique 柴娜 乔娜助眠（持更的哦～）,1598,kaysaria
4942869073,我 的 宝 藏 你 找 到 了 吗,1531,卢溪溪溪
5014790933,Happiness | 外网最能让人获得幸福感的歌单,1506,LWJ_Belieber
4955638185,同一世界：团结在家 特别慈善音乐会,1477,LadyGagaHaus
3105127208,婚姻故事｜Marriage Story插曲,57463,CnZjY
4992187210,汤姆·哈迪专属,1565,你听到戴哥哥了吗
5035752618,用音乐迎接明天：村上春树特别歌单,1447,网易蜗牛读书
2902381056,韩综Heart Signal3 21 BGM,56135,loupurple
4884221191,助眠必备｜拯救失眠的小孩,1435,造梦使者鹿一
4890698392,今天你运动了吗？,1409,要自律的中年少女
4949473223,神配乐BGM，流行歌曲（偶尔更新）,1367,LYL李易麟
4963642890,DOULAND 电音节,1355,一周七瓶哇哈哈
4912783579,钢琴伴奏| 戳爷钢琴伴奏【合集】,1372,养鹅户hachi
4887596814,【DIO承】,1342,DIO承是真的
5004108403,Dear Aster Flores， (the half of it),1292,Pamozu
4894998849,每日一厂 ᶅᶘ Deep， Dark & Dangerous,1279,黑刺_多里奥-波普
4976119654,One World: Together at Home 完整合辑,1271,Zhangarya
4945739764,《伦敦生活》第一二季 BGM OST音乐合辑,1271,飞越雨夜
4996120692,八分-看理想节目:道长推荐音乐,1313,说书不唱戏
4964107663,好听到炸裂却不知道名字的外文歌辑,1220,匿名队
4908861479,放刺特辑-92 | Deep & Progressive House,1241,网易电音品牌放刺FEVER
4895986495,超好听的小清新英文歌2,1195,yml-michelle
4975660748,四海聚一家One World Together at Home(8h),1120,LeslieZzzzzzzzzzzz
4986173150,迪士尼学习歌单 Disney Relaxing Piano,1115,苏哈哈的音乐收藏
5035719122,「夏」｜ 午夜的巨鹿路 / 午后的武康路,38311,eeeeezus
4902104231,V神精选 高能预警,1078,Em_Jhao
5000543583,创造营2020 | 持续更新（已更新至E05）,1086,SaSaSNSD
4991447404,200428 JHOPE,1052,Linneamint
2921298407,深沉婉转|赴一场坠入深海的旅行,39万,桑菲尔德L
2838986611,音乐剧《冥界》（Hadestown）,35757,莎士比亚书店
3217534739,碧蓝物语 （片尾收录）,1023,Lemon--_--_--
4991917189,贾凡0505“双面的我”云上音乐会,989,贾凡的泡芙小电台
4981849966,Bowiee café,977,lilith-minge
5035001835,2020村上春树「村上Radio」疫情特别歌单,956,gourmetyan小米
4960124393,电子|音乐鬼才～教主,943,岳亮弯弯_绵绵绵绵缠缠
4975036084,四海聚一家完整直播歌单One World Together,918,掌柜阿峻
5042353491,太空部队Space Force Soundtrack Netflix,1128,RAN-AWAY-WITH-ME
4948940356,环形物语/Tales from the Loop |Soundtrack,30721,channelBLONDED
3102318465,与心跳共频的Techno精选,30万,曲库小护士
4957340189,从GD到YRS到CW全收录,880,Yawg-Neej-Vaj
4981903365,诡魅海妖//SIREN//第三季ing,884,rrft
4973991998,BIGHOUSE PARTY,876,BIGHOUSE_SZ
4951141183,劉家凱的30天歌曲挑戰,872,and好氧君
4976099886,One World Together at Home live,863,musictv
3104368606,【滚石杂志】2010年代最佳100单曲,27706,TRIPHOPP
5014145009,『欧美』心情不好的时候，不如去看看海,26727,哥哥要喝排骨汤吗
3230575373,听上此歌单你就是巅峰赛最靓的仔,28718,eStar丶Ser
3216881902,「新」滚石杂志:史上最伟大的500首歌曲,25656,流亡大街
3222121283,肥鼠专属：TheFatRat Complete,24656,TheFatRat_Official
4982512345,Les Pays Bass Radio：我们的精选集,24442,Bassjackers_Official
5005438742,马丁5月5号22点荷兰阿姆斯特丹游艇LIVE,763,面对浩瀚星海心便拥有整片宇宙
4940754284,暁伊收集的歌,763,小御兔崽子
4938988529,jenlisa is real（持更）,729,张艺兴小可爱的女朋友
4896623970,抖音新闻视频专用BGM。（持续更新）,733,娘姑法想没
4987153236,Insecure 不安感第四季,721,CatchmyVIBE
5003384883,Eminem推荐给你的经典！,683,DopeMusicCN
4909442208,滑稽俏皮 I 给生活加点开心剂,21494,时崎仲冬二二
4976150069,ONE WORLD TOGETHER AT HOME,670,九尾NineTails
4999726420,一 秒 清 醒,695,绝代风华李栋旭
5011438514,0511早高峰歌单,641,931周小美
5000861067,英剧《正常人Normal People》bgm,645,张写真
4974088399,西部世界精选集,624,爱听巴赫的姜先生
4991472722,J-Hope 20/04/28 Hope on the Street 舞曲,624,满井之春
4932154772,徐英浩Johnny的歌单（持更,620,29place_
5009745539,Quarantine Prom,603,LeaferJessica
4959033066,FKAtwigs小枝,599,FKAtwigs资讯
5014768365,【365dni】黑帮大佬与我的365日,599,奶豆豆pcy
5011105807,Marianne's Playlist【Normal People】,16046,SherlockkkkkH
4977132032,幻影歌手第三季～,511,Jane__Doe
4879675481,淘气如你，闯入我的心房,67万,蜜糖男孩
3087790085,【GTA5】电台《无止境流行乐》,14345,洛圣都交通LST
4932094438,中本悠太的直播playlist,473,allaboutselfhealing
5018030657,桐乡NASA PARTY CLUB （持续更新）,477,NASAPartyClub
4959967972,【欧美电音】老开口脆了,464,寄生____
4996887072,五月画画挑战prompts,452,nephrosoupp666
5026938260,『欧美』专属电影院的珍贵时光,58万,楼船夜雪天
5010036366,月牙兔°,464,蜂蜜煮酒
3058913992,指间旋律|琴声中的温柔宇宙,11万,Unexplainable
5014467038,南辰直播宝藏音乐,414,南辰哥哥i
3125783201,「放輕鬆 就當漫遊地球」,10万,Ceaoee
2943263755,「邮票厂」STMPD RCRDS,95023,soAoAyEDM
5015514747,【欧美】上古大神们的经典合作。,401,完美的灵魂
4972677455,【经典嘻哈组合】重节拍&BoomBap&经典,385,和Tupac喝Juice的BigL
3231834485,《猛禽小队和哈莉·奎茵》电影〖原声收录】,11284,Cosmos0717
5046567728,[画风可爱+音乐好听]Helltaker原声曲,410,最强黑暗守护者
5006046132,刘怡潼的歌单◈,351,馋涡
4947514544,【同步更新】Toolroom Records,347,AlaemirYoung
2926186604,Synthwave | 复古浪潮 日落映着橘色的海,39万,-KooTo-
4976487770,人类迷惑行为图鉴,347,蓉蓉蓉鹅
2870884046,蒸汽波 | 复古Disco快来蒸走那些坏情绪,82289,飞行棋的猫mor
3224375889,硬汉柔情｜徜徉于耳际的乡村情调,80273,Rhaast
5032367283,抖音热歌,343,hwre
5035755567,Nomal People （英剧：普通人）,330,咭_Rollingstar
4992886072,美剧 低俗怪谈：天使之城 S1,317,派大星和摄魂怪
4903197167,【剪辑必备】各种适合剪辑的BGM,326,Yoi2333
4984458921,木子的直播歌单,313,B站木木子
5000767151,WiFi歪歪的原创及翻唱合集,296,WiFi歪歪
4895971455,Disney Princess | 迪士尼公主之歌,64565,环球音乐国际部
4971433855,王者荣耀公孙离战歌,305,顾若尘-
4972471808,那些神仙阵容的Rap歌曲【不容错过！】,280,Twisted_Insane
4882200137,英伦风格｜凡是过往 皆为序章,30万,宇宙徒步旅行家
4983085598,百位rapper为你展现Flow的艺术.,280,2l-Savage
3090537472,午夜飞行｜幸福获得的过程,58412,薄荷猫晒太阳
5018611111,潮起潮落（神权）,254,性情_amOG
5027095405,欧美点歌机，好听想唱总沉迷,57706,云音乐VIP
3177567341,[运球专属]Irving节奏过人训练BGM,7550,小sun是太阳
4875546461,【EMO RAP】情绪说唱✘忧郁孤独,7457,SlimFey
5016888850,Minecraft - MV | 破碎 Rainimator,242,Let_life_boil
4985790235,意大利版SKAM第四季|SKAM ITALIA S4|意版,242,一票男神在哪里
5032078549,【重慶森林】我心中屬於丁禹兮的歌,284,Mild_Gum
3102272704,浩室音乐集，回溯灵魂深处,22万,曲库小护士
4957957520,第一浪潮 SKA,212,王囝DeeDee
5017991880,王者荣耀必备（贼秀）,217,原來是涼介
5037289601,最能让人获得幸福感的歌单,221,缺乏睡眠的阿音
4952153800,Signed Artist: Yaakov,6512,电子音乐资讯
4998730364,Hollywood （Netflix）好莱坞第一季OST,200,Eye-conique
4955061976,最全？冰雪奇缘 I 无法触及·从未冰封,200,Elsanna_Madeon
2928966674,柔性听觉Spa，放空的恬静午后,62万,蜜糖男孩
5036723536,deadmau5 & friends：和朋友的音乐歌单,5878,deadmau5_Music
3107590676,清新小调 | 来自冬日漫步里的缱绻浪漫,17万,桑菲尔德L
5003208248,诶嘿诶嘿,175,菠萝啊_
4944076595,荷兰清新STRANGE FRUITS厂牌,5429,AdeIina
4993863130,【EDM】2010-2020 你十年的回忆都在此,166,DJ_NAT
5034184984,学习自习防困专用,166,我被大橘子秒了
4955563876,Future House丨弹性十足的电子脉冲,5114,Akiracri
5038723800,电音是孤独者心中的独白。,154,Chlasau
5019372903,“爱一个人，攀一座山，追一个梦”,154,AD钙不仅好喝还好听
5035274394,被迫熬夜学习（再苦也要坚持下去，持续更新,154,一起来修灯泡
4943870565,『快节奏』激活消沉的身体细胞,4576,生活委员
5024137970,en! _xing,150,Han-_-nn
3004278391,ᴘɪxᴇʟ丨节奏水枪 × 数 位 霓 虹,29302,节奏水枪Beat_WaterPistol
4879976171,【美剧】良医插曲 BGM第一季,4211,安生麦加-
4953970953,直播PK专用战歌,148,20160514
4970975435,这就是坠入爱河,4219,SangBlack
3198786847,Xing教育第二季 英剧SEⅩ education 2,26521,CnZjY
5006450459,ZHU 氛围独享,148,ZHU
5034515278,「村上Radio」用音乐创造美好的明天,141,绿鱼哥哥
4936928962,裴擒虎 （打野节奏歌单）,23787,和你漫入银河
4964061230,豪华超冷门歌单，建议随机播放,134,熵不可逆
5040298389,Lightskin Lil Wayne 24k,132,皇家_musILe
4886278287,碳变/副本 第二季 Altered Carbon: Season2,3505,Todayisnotsobad
4895907284,「Emo/Cloud Rap」低落情绪编译器,3505,丨IIIIIIIIII丨
5018876216,【TCS】烟鬼Nice Hair 070(MAY)歌单,128,iTheChainsmokers
5020075005,椅起来摇摆市集特供歌单,123,如果你是胡某某
4891468996,半路枪手/腰间持枪 Guns Akimbo |电影原声,18991,channelBLONDED
5011854630,chloe ting,119,与云与清风
5043713083,最好听的「劲爆神曲」,130,X-影袭
5022823389,Ian Curtis 逝世四十周年纪念特辑,116,摇滚学人
4894700667,TheFatRat: Bass x 管弦乐的电子味激烈碰撞,17243,TheFatRat_Official
4993657590,Rainimator【全免费版】【破碎】看简介,114,PremierMC
5021240356,NoPanacea：世上没有万灵药。,110,香蕉苹果大哈蜜
4871309430,【优质安静】适合一个人听的歌单,2661,xxxyn__
5010768658,Normal People:Connell's Playlist,2590,高司令坐我旁边
4951633974,XXL杂志评选的90年代250首最佳说唱歌曲,2585,IiIuzivert
5031378059,Led Zeppelin撞曲(？)合集,107,坏少的彩虹
5014278362,Normal People: Marianne’s Playlist,107,巧_涵
5006673143,『欧美』迷幻的声线，开口沦陷,14568,哥哥要喝排骨汤吗
5038013090,『Melodic Dubstep』渗透心灵的梦境,105,OKeith
5033697578,kanye west30首,105,GODSCOUNTRY
5030423977,深圳Superface俱乐部,101,深圳SuperFace俱乐部
5044470008,Vol.160 - 暮落托邦 • Sunset Dusktopia,107,后花园BACKYARD
3087648191,【GTA5】电台《洛圣都摇滚台》,12930,洛圣都交通LST
3130749033,2010年代最具代表性的50首电音,12665,welphenEDM
5039586662,『动感节奏』给你枯燥的生活加点鸡血,100,以后养只阿猫
4880785256,我有忘忧电子：烦恼乌云快走开,30万,蜜糖男孩
5023603357,INFP人格型I 飘摇的理想主义诗人,94,Androgynylimb
5010909520,普通人Normal People | 第一季原声音乐BGM,1775,五月未了
3225276060,Bob Marley与雷鬼乐进化,33544,环球音乐国际部
4942856546,电子音乐EDM .TOP【100】,1699,Avicii_GS
3102266233,全世界逼你长大 迪士尼守护你内心童话,32342,云音乐VIP
5011121723,Connell's Playlist 【Normal People】,9213,SherlockkkkkH
5031692589,Billie Eilish at home,82,苍穹向暖
3126432057,噪声美学丨失真吉他与迷幻音墙,77320,摇滾乌托邦
3173216380,电影 极速车王 Ford v. Ferrari影视原声,25610,CnZjY
4882238181,月色朦朦胧胧，你比月亮还温柔,6895,puppy的士高
5025843414,ᴍᴀᴍᴀ ᴋɪᴋɪ ᴀɪɴ'ᴛ ᴜ,73,KidoYup
5007725812,《冰雪奇缘》交响乐，史诗级,71,此人已沉迷学习无法自拔
4868228584,清新电子｜氤氲弥漫的冰柠之息,20032,Rhaast
4934815924,英文朗读&对话/词汇/高考英语听力必备,1120,37号元素
5022821467,幻影歌手3原唱音源,67,孤村落日残霞里_
4880089352,NME:史上最佳500首歌曲,5567,流亡大街
5016626993,Normal People普通人插曲,67,跳梁请自便
5036401661,村上春树特别歌单2020,62,Better_call_saul
5014178438,那些奠定了猹音乐基础的音乐,60,CharliePuth_Updates
4955554827,Tropical House丨清新夏日之风,4580,Akiracri
5008332449,The Half Of It (A Netflix Original),855,Pamozu
5042861521,精品EDM Progressive House,58,OzlleyTorver
5030527073,滚石杂志:最伟大的100首出道单曲,53,滑世尘嚣
3087795513,【GTA5】电台《西海岸经典》,10645,洛圣都交通LST
4963090331,冰雪奇缘2各国语版Something Never Change,628,外星人42
4966309355,500首HIP HOP西海岸匪帮说唱精选,616,BaynErhet
5018559343,林在范20200515、0516、0520、0529半夜推歌,47,善生谦啊
4980443184,每日一厂 ᶅᶘ Division,527,黑刺_多里奥-波普
4865514565,爱玛 / Emma | Soundtrack,8176,channelBLONDED
4943932351,口哨神曲| 不由自主哼起来的好心情,19642,云音乐VIP
4858840221,2019年度DJ播放次数最高曲目TOP40,7344,soAoAyEDM
5044081289,《猫和老鼠》中的古典音乐,47,霍格沃兹公共音乐室
5036966047,Dubstep、Brostep、Trapstep,42,AG超玩会化腾
5037558345,0528早高峰歌单,376,931周小美
3113923112,好听到单曲循环的英文歌曲,59万,叫我温老师
4962858999,AvrilLavigne（Acoustic）,326,AvrilLavigneChina
4984256072,『Disco』你要跳舞吗,59万,Galaxy银河映像
5027499629,Jay-Z 2020年目前为止推荐的热门歌曲！,254,DopeMusicCN
4955630323,Future Bass丨从骨子里的激情浪漫,4312,Akiracri
4946084383,[Techno] 内测中 即将上线,31078,网易云音乐
2920442874,2020Dubstep | 致命轰炸，狗皮膏药准备好,39万,DJ_WAN萬
5014895444,Beyoncé ｜R&B女王 不止骨子里的性感,11384,云音乐VIP
4956732236,史上最GAY专辑Top100,150,paper猹
4939117494,『Synthwave』复古未来主义的霓虹美学,35万,OKeith
3238237359,Netflix影片 | 教宗的承继/The Two Popes,4568,channelBLONDED
2958667686,云音乐热歌榜,30万,柯迪基柯
5028649507,『刷到我品味一流』,1913,Ceaoee
2932616940,宇宙漫步 | 来自梦境的晚安浪漫,30万,Junopple
4924655204,春天 | 享受电音中的力量,9730,云音乐VIP
5005828041,Netflix电影校园情圣|真心半解影视原声,3157,CnZjY
4975739424,「别样演绎」华语歌手带你重温欧美经典,27万,Pistazien
5009183809,Normal People/正常人/普通人,448,高司令坐我旁边
2895044260,【Skam】挪威版第三季BGM,21万,奇怪的猫先生
4871438723,波兰电影365 dni,20万,jens_peter
5021041736,Eminem 资深Stan的进门歌单,82,Venjestan
4974682089,复古慵懒 | 当经典摇滚被爵士如此演绎,20万,后现代养猪专业户
4890146949,『Gentleman』梦境温柔低语,19万,landsa
5027593456,给我翅膀/迷雁返家路 | 电影原声音乐OST,204,五月未了
4921668335,甜蜜向丨歌里的糖分你一半,18万,欧美音乐杂货铺
4924730133,欧美小调｜我的人生如此绚烂 因为你和春天,5924,云音乐VIP
5007023866,漫威之最 | 超级英雄系列,1342,环球音乐国际部
3216462449,电影片段、简介必配BGM,17万,Crime-Angel
5044571781,0602早高峰歌单,221,931周小美
3086599778,网易云评论最多英文TOP50,17万,蚕豆音乐娘
5025101879,爵士情歌｜黄昏海滩与你追一场汽水味的风,16万,GnaScheY
4923064681,电音 ｜ 荷尔蒙激素飙升,16万,HarkingZhong
5026969732,520节日快乐！100首HipHop爱情歌曲大放送！,139,DopeMusicCN
5008309140,Paul (the half of it),136,Pamozu
2731768583,『欧美』卡梅隆·莫纳汉 演绎哥谭小丑.BGM,16万,Dessen_58
4878522228,50 Feet（更新要看和下首歌的缘分！）,13万,一只小菠萝__
2981803692,【美剧】摩登情爱 / 现代爱情 Modern Love,12万,Hermann-
4985945967,每一首都可以单曲循环的好歌。,11万,minnn1801
5023955261,冰柠夏日 | 感受一丝清凉节拍,69万,LovelyWICK
4866284552,Acoustic‖最浅层的温柔·酒后微醺,89467,iambeiqing
4944490771,电音 | high翻你的电音节曲目,2275,云音乐VIP
2842207383,卡迪碧 Cardi B,82646,Cardi_B
5028355122,复古潮音｜霓虹舞池里尽情摇曳,301,Rhaast
4883717460,Netflix剧集 | 这样不OK / 非我所愿 第一季,79265,channelBLONDED
4878452009,欧美电子‖女声的极致诱惑,76594,iambeiqing
4884483911,『R&B』旋律/洗脑/酒吧/Club,61432,Keyy_sky
4878421498,欧美电子‖男声的极致魅力,59911,iambeiqing
2875456691,CSGO-ESL科隆-IEM卡托维兹2020,57887,Whoamiii-
4908714076,情绪催化剂‖后摇是你我无声的梦,56715,英格兰的童话
3213752362,Progressive House | 轰炸脑髓的渐进之音,56257,Comiah_Yip
3087573981,网易云评论最多的英文歌TOP50 av76636687,54829,AsunaIove
3143811297,2019年度个人单曲十佳,51805,独行的棕鹿
3195646734,Trap丨不客观毒性幻觉单,50037,Pomegranatea
4984681842,听一遍就想单曲循环,49016,迟到得到
3094484910,三魅影歌单（原卡顺序版）,48185,徐妙心
3226596849,「欧美嘻哈」Flexing大佬们带你随时起飞,45568,-Pony_Boi-
4907688071,先上DJ先上DJ|蹦迪专用,45476,顾甜书
4974252616,颜即正义 | 听说好看的人做的歌都不会太差,44934,佛系电音文化研究所
4985935946,just let it go,22,minnn1801
2924176422,super simple songs200首英语启蒙儿歌精选,43968,Last_flowers
5017904254,uuu,41834,ezkielyp
3218030959,孙圳翰,40801,道一句晚安吧_ab
2974524097,恋爱捕手2 Love Catcher2 bgm,39587,-乱来酱
3226626481,「复古经典」东西海岸的OG们,38957,-Pony_Boi-
3209851124,郭曦文,38567,_KiKi-_-_
2848216658,PR 抖音剪辑音乐 卡点剪辑 影视剪辑,37101,IMG夏天
2957380494,Pr高光时刻剪辑专用BGM（1）,34972,Bilibili_一只天上的大萝卜
4880045539,2019百大DJ年度集曲,34253,沉心已平
3086342439,夜間兜风 | Urban Contemporary,33371,biliibilii
3143932206,2019年度个人电子十佳,31360,独行的棕鹿
5010864222,英剧《普通人》每集片尾曲(Normal People),30301,kooooooooo_
3227551215,Rap blood/嘻哈说唱,29642,龙心Kristina
4871572374,龙大私人曲库（未收录）,28596,别让汤姆抓住你
4887132558,是神罚Music,27823,是罚哥
4898107611,Borgore专属歌单,25211,Borgore_Official
4895583045,不如做自己的宇宙,24955,梵高_sir
4966403188,杀死伊芙第三季Killing Eve S03 （完结）,25169,TravelingLight-x
4939987616,说唱总是燥的疯狂，真诚的让人落泪,23254,IiIuzivert
4975676573,【隔离期热潮澎湃的电音歌单】,21956,TrapNation_Official
3172218225,2020年Hard Dance Music更新中,21187,Hard-with-Core
4949753333,银河异客60年：太空狗莱卡的宇宙漂流记,21032,会是猫的薛定谔
3025544170,英雄联盟总决赛主题曲（s1-s9）,19835,夜清道人
3231446644,「欧美嘻哈」迅速崛起的超新星们,16958,-Pony_Boi-
3237874291,The weekend Whip(乐高幻影忍者),16311,朝霞云音乐
4909840200,迪士尼电影原声合集,15584,FLASHLZH
4913615273,歌手·当打之年第六期,15055,小森呀呀丶
5008740829,民谣时刻｜清爽惬意的夏日微风,67,Rhaast
3229409507,史上最科学的抗焦虑歌单,15059,raink
3060601825,全球999首典藏音乐。,14429,从岒i
3123319829,只为汤老师量身打造,14509,blueA7
4881447491,Breathe Carolina：我们最爱的音乐,12947,BreatheCarolinaOfficial
4897607862,超适合打游戏的歌,12943,A智勋
4973665638,如果有一天我连你也放弃了。,12149,_CANDi_CE
3061157154,英语听力合集（关爱日推 慎入！！！）,11951,G_柚砸
3176537562,杀死伊芙第三季 Killing Eve1&3季完整版,11473,VARERED
3223886763,十字军之王2（CK2） BGM至3.3.1,11027,Zarinopl
4934936115,【精选】情不知所措 爆炸的旋律,10817,张憨憨v
3225423870,高燃混剪/运动卡点向,10754,铁柱zhuz大爷
4907176779,Tik Tok Hit Songs,10733,今天俺自制的TikTok歌单有人听吗
4970980478,霉系|乡村中的清流,10624,BillChan226
4994972116,『欧美』摘下星星，伴随着月亮入睡,10250,哥哥要喝排骨汤吗
3141595455,XXXTENTACION Perents:All Of X Vol.0,10036,000-Forky
4885441817,2020高考励志Fight Song,9893,原来网易云的名字真的可以超级长
5011181651,我爱摇滚乐|Rock N Roll巨星小理查德,9583,云音乐VIP
3227006319,Nicholas Hoult || 影视作品音乐合集,8701,龙心Kristina
3237586482,上网课时逃课绝妙歌曲！！！,8537,0410号宇航员
5031260020,西部摇摆｜不羁牛仔的诗情怀吟,53,Rhaast
4967112108,【OOOLD SCHOOL】拒绝不了的音乐,7403,云城负债鉴赏师
3107438357,Lie,6353,上我的落葉船吗
3111439223,LoungeMusic Chill Out丨沙发酒吧音乐,6311,BladeofCarter
4952177578,Signed Artist: KOOOZ,6286,电子音乐资讯
4911578361,慕楠直播歌单,6088,抖音慕楠
4887738587,Summer Time | 请尽情享受夏日终极浪漫,5924,与银河对视
3210313471,抖音影视剪辑BGM,5446,SeniorKallun
4993846413,刘怡潼潼潼的歌单(●°u°●)​ 」没有很全,5185,小小张冰心
4915342824,LOVE ‖ Billboard官网史上最佳50首LGBT曲,5139,LadyGaga中国歌迷会
4884876852,头文字D前50名神曲,5105,田泽丽娜
4962825293,【营销号常用的bgm】总有一个你听过,5068,扎心学院1班班主任
5039913572,Meeting U：用音乐唤醒，让旋律陪伴,4799,网易云音乐
3227461351,偷心反派 || 影视原声/BGM,4748,龙心Kristina
3169145543,First Date《第一次约会》百老汇音乐剧,4643,世界一级B类赖床专家
3227316017,欧美迷幻/在梦里做了一个梦,4614,龙心Kristina
4939896417,【VLOG】片头 |背景音乐 |私藏 |精选合集,4597,_BloodyR
5012981271,5,4496,天天想小冉同学
4955557852,Dubstep丨渗透灵魂 释放野性,4240,Akiracri
4954318505,Astronomia 2k19,4202,划夕阳
2823288617,漴零喜欢的音乐,3673,漴零ovo
5025939579,唐山SPACE TT 热播单曲 持续更新,3581,Space-TS
4956033110,英文歌曲｜小众的流行歌曲/说唱,3442,Geist7
3196326879,「700集的等待」,3383,麦田wo
4968536692,【深夜硬推】担心耳机承受不住这份跳动,2900,云城负债鉴赏师
4936888335,Harry Styles的Apple Music歌单,2787,FunkYeahHarryStyles
4910678253,杀死伊芙 Killing Eve第三季 BGM歌单【全】,2711,Villainelle
4965143455,Valorant 无畏契约 游戏音乐,2854,Yin_Jun_
4971010889,Team100086 RKT Vol.1,2590,Team100086
4894921552,节奏控福利（持续更新）,2438,Rainnnn丶
4929154579,峡谷蹦迪,2233,歌单推荐达人
5024861990,「糟糕 是想要了的感觉」,2212,你的韩韩HH
4951089393,刘真的Live House｜bgm合辑,2203,刘真Eeeeee_L
4864054090,周末在家开趴体 ｜ 复古欧美风,2073,药棍
4988192085,堡垒之夜Travis Scott演唱会,1930,xXx_inc_xXx
5006808149,英雄联盟音乐/BGM合集,1918,蚕豆音乐娘
4946275780,yoanaloves,1884,我好像怎么也吃不饱
4953969913,2020DiJi,1800,15739163940
4979150976,【Kevin Store】二零二零～淘歌记录,1750,清新温柔Kevin
5005132267,Valorant角色主题曲,1670,墨簕子
4873139711,【优质助眠】深夜入眠,1577,xxxyn__
5032787601,Tomorrowland公布最受欢迎1000首电子音乐！,1531,DJ_HUMBLE
4933141282,For 楚桐,1531,Siga_张溪格
4980626404,堡垒之夜演唱会 - XXXTENTACION,1376,慕雪哟
4961943124,Hello mother ****er What's my name,1187,--iu李知恩
4984514920,Alan870806，5m20更新,1136,建议随机播放_
4895425229,Kurt Cobain‘s Top 50 Albums,1069,大内密谈
5025927975,唐山SPACE TT 热播BOUNCE,1057,Space-TS
5023993208,Taylor Swift Live From Paris,994,Pamozu
5028047601,Emo Trap | 在夜晚发泄你的负面情绪,922,TrapTV
4972428413,BODYCOMBAT 84,922,kikokiko
5044196767,2020年5月小秘书新歌推荐,1090,云音乐小秘书
4986924820,电音,897,AIanWaIker_Official
4995046754,「学院直播间」EvE DJ-SET 秘笈分享,847,网易放刺电音制作学院
5003223723,鹏程哥的快乐宇宙,800,勤奋的潘小岳
4977975109,世界百大俱乐部常州First炸场歌单,733,KIDWUMUSIC
4982224218,写作业适合的歌单,716,哔哔机欣欣i国超
5036899578,英国报姐—最能让人获得幸福感的歌,708,坛水良
5006567485,小众宝藏/偷偷潜入这颗星球,637,鱼咔咔-
5012455769,苏荷曲库20-6,574,DJMuchY
4970262207,晨跑自用,557,橘井三_
5013489081,CLUB MUSE Vol.05.11（PSY）,569,CLUBMUSE武汉光谷店
4935981062,每日一厂 ᶅᶘ 1985 Music,519,黑刺_多里奥-波普
5022539550,一个金牛座男孩的歌单,2,Pedalox
5001356996,365dni电影原声,401,大橘爱吃橘紫
5031418599,『欧美』侠盗猎车_罪恶都市电台原带.BGM,401,Dessen_58
5009645893,公众号：弊有一技（每日音乐分享）,368,食渐出真脂
5010506556,不想学习时进来听听！欧美战歌助你一臂之力,305,小伙汁摇点碧莲吧
5031693848,『欧美』侠盗猎车_圣安地列斯电台原带.BGM,296,Dessen_58
5035806174,Sudio煲机必备,284,摇滚学人
5006503200,ZHU 私人收藏,263,ZHU
5016141470,后摇︱Listen to it， and smell me,246,摇滚学人
5028472200,Soul Make / 骚灵制造 vol.**,246,LQ李茜
5031615115,『欧美』孤胆车神_维加斯电台原声带.BGM,183,Dessen_58
5033383022,Listening together with ARASHI,183,Cantabile_Y
5006877583,听一遍就爱了,159,丧甜的大海龟
5047170355,Jay-Z歌单分享：Songs for Survival 2,161,DopeMusicCN
4999080123,18岁的CC 喜欢的歌,148,LinkinPark资讯站
5044352072,韩国好声音2020-比赛选曲-持更,155,小朱桃桃子
4991998070,马戏之王(免费合集),154,一丁耶
5016950955,Dope squad Music album,139,EgoDope7
5024330428,FreeBeat丨EDM:源于潜意识的跳跃冲动,130,圆气健身FREEBRIO
5031350587,浓夏绿日｜漫长的告别,125,思罪
5038730339,蹦迪，玩游戏，打节奏用的，一个人听的,125,曜铠不耀
5038649272,Soul Make / 骚灵制造 vol.90,121,LQ李茜
5048232447,【阿西月推】2020年5月必听的20首新歌,368,老阿西
5025866372,电音风云榜-东野Live,116,东野Live
5042263750,05.10-31 | MEMEGuiping - 五月份歌单分享,112,CLUBMEMEGuiping
4935610440,英语,112,读来猪有会着倒
5028220395,Vol.159 - 牛牢 NEW LAW,110,后花园BACKYARD
5041885807,用户3233682861的歌单,110,叫我小萧就好
4942964408,慵懒 睡衣 惬意 随意,105,Davina戴维娜
5014620043,NY drill来自Brooklyn的drill复兴?,101,Juden_Wittgenstein
5036896420,CLUB MUSE Vol.05.27（Trap）,101,CLUBMUSE武汉光谷店
5025812305,温柔,100,浔希
5030306701,大冲MusicClub_01,96,董丹尼
5030691958,Minecraft·rainimator,91,阳岳-star
5039837769,Kipo 奇玻与幻兽的狂想纪元 歌单,85,就是梁豆豆啊
5033936301,精选电音✨❤️,82,浅雾幻千
5041773022,爵士女伶｜慵懒优雅的别样性感,76,Rhaast
5039910078,莎士比亚十四行诗！！！,76,薛定谔的好多鱼
5029397991,DCUP店内播放歌单,71,陆渭霆子
5028984099,时间真是个好东西,71,有点儿想要两个西柚
5000026724,美剧《好莱坞 | Hollywood》原声合集,67,山如涛
5015830381,Listening Together-Gen Hoshino (Spotify),65,小悠_qinyin
5018495790,Juice WRLD正式遗作全收录,62,天神院院长
5027432983,EAD迪拜捡垃圾,62,l你是个好人
5008315248,欧美小众最长歌单随机播放顺序循环升级,60,完美Dan
5039836931,feelings，欧美,60,宇智波燃燃
5020301116,【贫民窟】高质量歌单~,65,被世界抛弃了
5029529356,【欢迎来到神彩星球】Lady Gaga推荐歌单,55,EricWarhol
5025288001,【SKAM Italia】更新至S4 意大利版BGM,56,赵老板的小店
5039396131,消除疲惫、,60,Anonymous_A匿名
5037997229,Ken Burns Jazz • Billie Holiday,55,JoseBaden
5022240709,夏日清爽模式,55,爱吃西瓜的鱼丸粗面呐
5046482304,美国经典反对暴力执法的HipHop歌曲,51,DopeMusicCN
5028152621,《中外当代后朋比较研究》,134,Wooozy_cn
5042196920,西装暴徒,58,医学院的牙膏
5038352731,爱与和平 Black Lives Matter,49,蜜糖男孩
5024059101,CLUB MUSE Vol.05.18（HOUSE）,46,CLUBMUSE武汉光谷店
5030515752,Clid歌单（19年12月-20年5月）,46,音乐主播金太敏
5043363668,Lady Gaga,46,Kira一叶
5041289452,ADDICTIVE,44,Weirdo04_
5040152222,『 欧美 铃声』99%人已设置,44,初梦Remix
5033505018,Listening Together - ARASHI,40,膝蓋咯咯響
5035124649,给你的婚礼for you,38,二两阿双
5042430533,巅峰不选猴坐等六分投,49,eStar丶Ser
5033081595,_(눈_눈」∠)_,37,鹤田啊
5040920013,Remember to be happy,37,YXQ_1
5034535646,燃向剪辑用需音乐,35,菜虚瑞
5036728258,人民之声电台,35,法兰西联合工团
5046591464,常听,35,在地狱难熬的第444天
5042067259,我心目中的，Hardstyle Top25,35,GoldName
5040083604,life,33,甲乙是路人
5024665025,Taylor Swift-Paris 2020,33,Pityfall
5043188025,TL_ibi,37,朝霞无限-晚霞无眠
5044992541,《The Last of Us: Part II》游戏〖预告】~,33,Cosmos0717
5046123150,【有颜色的歌单1】2020大势色：蓝,31,一杯美式的向往
5014309660,朱枫编女高音《外国歌剧选曲集》,29,恩逸_O3碾
5045101031,无限乱飞,31,YangHuddadM
5044470952,我们的小情调,29,jitbibi
5038184828,动漫精品音乐（触动心弦之声）,26,知我痛
5045482256,s u m m e r,24,waaaasted
5046965256,『欧美♚』悄悄收藏的英文歌✨,26,来杯福灵剂_LU
5044241851,Rio Ferdinand Playlist by aniceshot,22,中场阴谋家法兰克金
5036333095,Alan Walker,28,confident-自信
5044302057,波兰 365 days (365 dni),28,吃货不是痴货噢刘hi-hi
5049462075,Normal People 普通人,28,Olly_bae
5044350276,融入生命的电音,20,Arrogant王
5036584802,《神盾局特工》第七季〖原声收录】预告,19,Cosmos0717
5043958111,无 限 洗 脑,19,曲明斐
5043615982,Tomorrowland TOP 1000,19,Tomorrowland_Official
5039642926,POPLEADING PUSH VOL.77 / SIDE B,19,Pop_Leading
5010694153,Azis的歌单,19,BulletGrace
5049415255,ᴀᴄǫᴜɪʀᴇ射手座dei神仙品味,29,Gupupu
5042399296,「英语」忆•言辞入心,19,千幻灵音
5040892957,大器晚成|Joyner Lucas精选集,20,Twisted_Insane
5044609942,心靈❤️密藥丨温暖向,17,AVlCCI
5044475266,酷girl说唱 国外女生说唱,20,_LilZi
5042746110,叶斯力 Bass/ Car bass / Deep House.,17,是叶斯力
5035873508,蓝调—赵一鸣期待你的收藏,17,赵一鸣最帅
5048605869,我醉倒在这里,19,Taylia
5048113678,滴答滴答,15,没有故事了丶
5035848142,Welcome to Chromatica,15,RyanSu2020
5040817957,美腻的国际范r,15,billie黑妹
5044949599,制作人 · Teddy Riley,15,-Kudos-
5048924895,Top 20 Rock Guitar Solo Of All Time,17,文刂川原
5047670468,Damn girl,13,13twist丶
5045553986,it,15,_HEADache
5044980680,采样和翻唱Deniece Williams - Free歌单,13,JakeyWon
5047496908,适合混剪的欧美歌曲,17,zzzzQvQ
5046966599,Lana Del Rey,11,Diamonds呀
5048447777,灵魂唱腔Shane Filan,11,Love-J_Depp
5043277393,老二刺猿了,11,_Inhumain_
5049582692,Healing loneliness,11,小伍宙
5045114118,好热,10,潮黒
5049609579,复习&跑步专用bgm,10,Shade_RRR
5047519089,Precipitate,13,Blatest
5045790389,歌中込緡,10,宋牁鈓
5047497935,敲爱,15,夜风xi
5047721400,摇滚是对生命不妥协的态度,8,所有的红
5034336760,50,10,Lileraser
5047664798,2020/06/03,8,拖拉机BF97
5048024266,我好想学习啊！熬夜必备百首英文,10,人间百味鹿_loey
5047590914,旋律超棒的英文歌,8,萌妮可
5045976125,【节奏控】超快进节奏－持续更新,8,轩辅_
5047629358,Champagne Supernova,10,-_Nuyoah
5035901280,金属-赵一鸣值得收藏下谢谢,8,赵一鸣最帅
5048619232,SMASH THE HOUSE [个人听歌使用],10,-SmashTheHouse-
5047711001,濕式SOFT,11,VitoAndolini
5043379291,Marshmello的电音大全,8,nB-小蒲
5046802004,广播剧末日生存BGM【江笙×矜持ING】,8,千城倾卿
5041803699,Dear X,11,奶万991
5047409778,最近三个月喜欢的专辑,6,planetGOAT
5047305830,操栏杆,8,羊崽跑得快
5049786556,[欧美]超燃|写作业提神必备,6,人间星河_元子
5049920628,ความฝันของคืนนี้,8,SoundOfHazel
5047646708,＊,10,-Jvratt
5047703040,travel west,8,唯梦想与爱不可辜负180707
5041888996,English,8,疾风剑什么
5046171407,我不是你的黑鬼(詹姆斯·鲍德温),6,老打把
5043943149,电音（作业专用）,6,爱吃酸奶布丁的鸭鸭
5039577378,村上Radio—疫情特别版歌单,4,宝乐饱了跑了
5040584338,妈的公鸭,4,R威猛先生
5048635666,抖英,4,大伽尔
5049282493,【精选 冷门】英文歌单｜直击灵魂一秒沦陷,8,某莉子
5045377917,骚,4,兔子V猪龙鸡5757
5047095171,|仙气撩人|致我们美好的小时光,8,是小Aaa同学啊
5041038791,「MIX」我のGrocery store啦,4,Lunatic-asylum-_-
5049477627,夏提,4,billiemyex
5048941376,听歌不瞌睡，行车常绿灯,4,lunardoggy
5045973677,村上春树的跑步bgm,4,松鼠不吃葡萄皮
5047013717,欧美唱跳Diva合集|无一无靠快点跳,6,TaylorSwiftMito_Gallery
5041634389,霉霉 Live,4,念北_95
5046807687,【欧美风】一听就爱上系列,2,鱼儿爱吃丶
5045598115,【私人空间】单曲循环,2,ErfanimOffical
5047612633,oooo,4,__LoverBoy__
5043345176,一耳万年】 【惊艳抓眼,2,RRyan-
5045278255,reputation,2,MY-puth
5047781262,没甜味的歌,1,-Vank_
5048825950,nicole,1,小荣华青啊魚nana
5042806448,You Are Right,1,消失的太子殿下
5047842621,朱正廷的歌单,2,俞迟的暮久
5047728686,-,1,-Vank_
5048243995,电音精选：源于内心情绪的呐喊,1,-Miss星河
5038350749,世界公认最好听的英文歌,1,TinYBooM1223
5040918052,我的偶像,1,YXQ_1
5049350293,火火宝藏歌单,2,火火-R社
2340173092,碧梨/猴西/戳爷/A妹/日日/萌德/打雷/烟鬼,5976万,______飏
2748492595,欧美万评优质女声•萦绕耳畔忆于心间,1978万,冷森Listen
2414707016,本仙女化妆/敷面膜/护肤/洗澡/收拾专用歌单,1955万,3KALIA
2898916057,温柔系‖等星星都睡着了 再说想你,337万,ClairoToday
2968950064,[乡村音乐]田纳西州的音乐之路,309万,小铁Joe
2919852653,听一曲北欧民谣 漫步在乡间小路上,277万,NickJonasCN
2875321368,Trap Rap R&B 杂…」%,247万,Gucanbt040
3032924908,治愈摇滚 I 迷幻柔情的乌托邦,209万,一只喵喵喵星人
4903385898,欧美女声｜开口即爱上的仙嗓,197万,音凛酱
2870887735,中国好声音2019歌曲收录,188万,陌路繁华-
2759460699,听了太多励志的话，却不知道从何开始？,148万,宇宙播报机
2895448834,前奏跪，开口脆【写作业/画画/运动/睡觉】,76万,小羊爱喝安慕希
4924225474,『欧美』 让歌声带着星光， 与梦相随,72万,钟泽希
2903604475,声入人心第一季,72万,橘子味儿的小笼包
4893733399,诗人篇 | 那些藏在音乐里的文学宝藏,64万,后现代养猪专业户
2735120361,⭐碧梨碧梨Billie Eilish⚡⚡,61万,白搭a
2950275914,致命女人｜Why Women Kill（第一季完结,58万,野比沁沁
2892381208,色向诱惑‖沉沦吧，I got you.,49万,烟紫色的猫
2777953134,巨温柔的英文歌,48万,奈奈生晴子
2739677431,梅溪湖女孩（男孩）专用歌单,40万,翠花花呀
4926327847,精选快手欧美男声｜开嗓即惊艳的蜜喉,202万,兮香
2931727640,爱洗澡爱化妆的水瓶-,44万,百事可乐中国董事
4879561639,主旋律 | 百首电音良曲只为俘获你的双耳②,36万,薛定谔的缝纫机
3033689187,欧美小众｜夜幕独品慵懒的月光,36万,囍同先生
4894448996,「停格空间」赤子的衷心，记忆封存于时空里,33万,岛屿Soliloquy
2693651565,欧美轻松小调丨洗澡/自嗨/刷牙/护肤/写作业,24万,babeejoey
3018389437,「冬与安谧」暮来朝去 潜伏在夜里的温柔,23万,四季里的懒睡猫
2987103132,【Billboard】公告牌Hot 100单曲榜,20万,天神院院长
2958360640,MJ生日甄选：铁粉必听TOP30,18万,索尼音乐娱乐
2902514424,Taylor swift 免费歌单 原唱,16万,DJRIBBIT
2943230833,Shawn Mendes肖恩•萌德【音乐作品集】,15万,刘程浩LukyVenus
3217572039,【欧美流行+经典】一听就爱了的欧美音乐,11万,不为你MM
3094585001,〖冰雪奇缘1+2〗最全的影视原声,11万,折耳月
3093292626,去他*的世界 两季 第一二季 更新 妈,11万,极致动听
4938993771,【英文】| I know you so well so well,10万,SkrXun
4885576154,左右环绕【超级爽】,97241,救赎xxoo
3159725910,暖心民谣（国外精选）,89765,暖心民谣syx
4924089810,机智的医生生活ost收录【持续更新中】,74641,仗剑肆意游江湖
4907303473,那些年，我们追过的乐队,63964,华纳音乐国际
2896215780,貂蝉战歌 想欣赏老娘的被动吗？,49541,泰勒丝不打残夏我打泰勒丝
4895068820,TERRY秘制小视频,48244,TerryallthewayUP
3014418475,轻柔英文歌 宝藏歌单,46131,老J-饺子妮nn
4891431738,Timmy Trumpet：你的专属蹦迪歌单,44241,TimmyTrumpet_Official
3098918081,迪士尼《歌舞青春》系列歌曲合辑,30452,DeDuff
3076440628,耀仔原声,28134,拜托别网恋
4944364719,2020年3月小秘书新歌推荐,25606,云音乐小秘书
3233819644,SBR全角色曲（JOJO的奇妙冒险7）,19339,寄托夜空的星
4912487321,Elite名校风暴-『第1至3季所有BGM全』,16378,落暮星辰画若风
4991672970,《Never Have I Ever》好想做一次BGM,11447,LuvsHe
3129171154,E xplicit 脏版,10607,颓废高中生日常
3174587451,⚡ 2020年可甜可盐丨 电音热单精选集,10150,AnJiYeong
4928346762,【二创作业】教主的End of Time Remix大全,9049,吃一些Csome
3235683786,八七音乐 这tm才叫歌 总集版,8621,依洺渃杉
4933762256,励志‖为2020中考加油,8394,橘子汽泡糖
3229626927,《Best of ELECTRO SWING Mix》,8134,德川千代
3230423423,格莱美2020最佳五项  碧梨Billie Eilish,7777,山东-老刘
4872151758,English【那些一听就上瘾的歌】,7676,退休的咸鱼
4891173235,Babylon Berlin（巴比伦柏林）,7546,sand1999
3227183552,拯救世界,9184,邓狠狠
4970419588,上班路途必备音乐剧踩点歌曲,5521,小沿海
4926252441,小清新！嘻,5181,萌萌哒的拉比克
4902904138,Lady Gaga：自主女性 Women of Choice,4988,RyanSu2020
4968284300,Future House精选,3959,SpinninRecordsOfficial
4943368595,winmetawin 赢仔,3950,BeChillin
3217227571,【剪辑向】欲/燃/踩点/se气/病娇暗黑,3904,白苗阿爸
4933632911,隔离歌单,3577,大胡子阿细
4882962182,I Am Not Okay With This这样不OK/非我所愿,3522,丁有钱
3219342342,跨越黑暗,3509,月玥岄
