关键词,次数
喜欢,161
电影,116
节奏,115
风格,111
欧美,110
世界,109
制作,107
更新,102
电音,100
BGM,98
收录,95
旋律,80
专辑,80
电子,77
生活,77
温柔,76
美国,75
推荐,73
歌手,72
You,70
最佳,69
冰雪奇缘,69
持续更新,68
to,66
乐队,66
说唱,66
希望,64
适合,64
精选,64
时间,64
来自,63
收藏,61
单曲,60
作品,57
曲目,56
in,56
游戏,54
成为,53
部分,52
发布,52
好听,52
and,52
of,52
网易,51
视频,51
Love,50
感觉,49
女声,48
流行,48
很多,48
摇滚,48
大家,47
感受,47
Music,45
House,44
可能,44
其他,44
浪漫,44
声音,43
DJ,43
一首,42
发行,42
故事,42
其中,41
包括,41
Me,40
年代,40
这种,39
随机播放,39
出现,38
比较,38
起来,37
听歌,37
朋友,37
歌词,37
奥特曼,37
但是,36
个人,36
必备,36
宇宙,36
song,36
ProgressiveHouse,36
享受,35
宝藏,35
版本,35
by,35
翻唱,35
不同,35
爵士,34
中国,34
这里,34
灵魂,34
类型,34
迷幻,34
一下,33
欢迎,33
电子音乐,33
快乐,33
情绪,32
建议,32
夏日,32
It,32
On,32
文化,32
my,32
EDM,32
使用,31
觉得,31
心情,31
关于,31
分享,31
顺序,31
经典,31
演唱,31
Rap,31
第一季,31
带来,30
美好,30
作为,30
系列,30
复古,30
创作,30
伴奏,30
拥有,30
孤独,30
属于,29
人们,29
运动,29
Dubstep,29
播放,29
for,29
元素,29
舞曲,29
时光,29
配乐,29
非常,28
独立,27
慢慢,27
学习,27
new,27
直播,27
Futurebass,27
随着,26
Trap,26
每个,26
月亮,26
曲风,26
私信,26
永远,26
慵懒,26
找到,25
获得,25
节目,25
官方,25
爱情,25
首歌,25
英国,25
真的,25
主题曲,25
名字,25
一场,25
合集,25
乐器,24
耳机,24
艺术,24
发现,24
里面,24
治愈,24
Spotify,24
英文歌,24
力量,24
Techno,24
up,24
听到,24
本人,24
正式,24
专用,24
之后,24
能够,24
努力,24
无介绍,24
阳光,24
迪士尼,24
神曲,23
Remix,23
为了,23
加油,23
最好,23
加入,23
收集,23
Live,23
Pop,23
音色,22
地方,22
唱片,22
未来,22
is,22
英文,22
这是,22
完整,22
生命,22
No,22
抖音,22
整理,22
表达,22
需要,21
各种,21
清新,21
Jazz,21
氛围,21
感谢,21
your,21
放松,21
表演,21
虽然,21
特别,21
超级,21
充满,21
电台,21
时代,21
温暖,21
英雄联盟,21
冷门,20
通过,20
全球,20
夏天,20
继续,20
相信,20
代表,20
艺人,20
情感,20
一首歌,20
融合,20
关注,20
剪辑,20
一位,20
传统,20
hiphop,20
出来,19
一点,19
鼓点,19
称为,19
One,19
亿次,19
踩点,19
不到,19
一般,19
作业,19
发展,19
playlist,19
乡村音乐,19
吉他,19
它们,19
人生,19
With,19
原创,19
歌舞青春,19
简单,18
选择,18
包含,18
内心,18
告诉,18
优质,18
年度,18
过去,18
投稿,18
带给,18
音乐剧,18
有人,18
支持,18
黑暗,18
的话,18
乡村,18
Time,18
专属,18
影片,18
小丑,18
特点,18
第三季,18
BillieEilish,18
任何,17
无法,17
现实,17
组成,17
或者,17
等等,17
收听,17
合作,17
like,17
今年,17
ps,17
嗓音,17
接受,17
各位,17
一次,17
聆听,17
我会,17
一天,17
创造,17
极致,17
演奏,17
寻找,17
影响,17
并且,17
第二季,17
角色,17
喜欢收藏,17
因此,16
独特,16
仿佛,16
主要,16
遇见,16
bass,16
爱好者,16
英语,16
只要,16
不断,16
值得,16
根据,16
结合,16
目前,16
简介,16
爵士乐,16
下面,16
或许,16
安静,16
迷人,16
流行乐,16
嘻哈,16
而是,16
DeepHouse,16
希望大家,16
戴上耳机,16
HipHop,16
每天,15
然而,15
人声,15
持续,15
惊艳,15
然后,15
几首,15
厂牌,15
平台,15
有点,15
听的歌,15
应该,15
组合,15
重要,15
MV,15
Rock,15
背景音乐,15
最近,15
同时,15
想要,15
甚至,15
由于,15
循环,15
精神,15
真正,15
打开,15
Dance,15
东西,15
星辰,15
总是,15
提名,15
粉丝,15
梦想,15
回到,15
讲述,15
黑人,15
朋克,15
女孩,15
每一首都,15
科技,14
钢琴,14
区别,14
完全,14
以上,14
心灵,14
工作,14
榜单,14
再次,14
纯音乐,14
Just,14
也许,14
可爱,14
疯狂,14
城市,14
依然,14
自由,14
歌名,14
星星,14
that,14
凯尔特,14
著名,14
今天,14
Vol,14
许多,14
欣赏,14
灵感,14
或是,14
一部,14
Heart,14
改编,14
演唱会,14
TownRoad,14
NormalPeople,14
LadyGaga,14
真实,13
夜晚,13
一生,13
流行音乐,13
像是,13
共同,13
现场,13
地球,13
之一,13
Are,13
大部分,13
魅力,13
不过,13
惊喜,13
创建,13
人间,13
排序,13
推出,13
首歌曲,13
演出,13
旅行,13
完美,13
幸福,13
S1,13
小伙伴,13
Soul,13
是否,13
两个,13
配合,13
少年,13
格莱美,13
我要,13
第一,13
色彩,13
Can,13
out,13
深情,13
回忆,13
插曲,13
如此,13
节拍,13
Beat,13
King,13
只能,13
Day,13
原因,13
获奖,13
村上春树,13
说唱歌手,13
XINGKONG,13
acoustic,12
体验,12
后面,12
认为,12
当然,12
改变,12
日期,12
一份,12
方式,12
一张,12
期待,12
排名,12
耳朵,12
开口,12
好像,12
跑步,12
早期,12
形式,12
Club,12
准备,12
孩子,12
Home,12
热爱,12
冠军,12
破碎,12
谢谢,12
有时,12
热门,12
Big,12
变得,12
梦境,12
开心,12
为主,12
学校,12
蹦迪,12
Hope,12
人类,12
爱尔兰,12
All,12
平静,12
来源,12
主演,12
rapper,12
emo,12
蒸汽,12
杂志,12
清凉,12
歌声,12
原声带,12
公主,12
OST,12
KOOOZ,12
欢迎大家,12
希望喜欢,12
不定期更新,12
大家喜欢,12
猛禽小队,12
halfof,12
ofit,12
EDMProgressive,12
日常,11
逐渐,11
通常,11
动感,11
舒适,11
进行,11
记得,11
正在,11
欢快,11
甜甜的,11
好好,11
最大,11
食用,11
Don,11
列表,11
私藏,11
搬运,11
男声,11
更是,11
总会,11
跟着,11
心里,11
前奏,11
版权,11
战歌,11
激情,11
睡觉,11
年轻,11
决定,11
流派,11
疫情,11
get,11
之前,11
热情,11
Netflix,11
feat,11
大量,11
一段,11
白人,11
私人,11
原声,11
永恒,11
Best,11
晚安,11
另类,11
身体,11
Black,11
坠入,11
Billboard,11
Little,11
Girl,11
梦幻,11
首次,11
结构,11
不少,11
最新,11
be,11
她们,11
VIP,11
milet,11
冲浪,11
Yaakov,11
持续更新介绍,11
TaylorSwift,11
LilNas,11
提名最佳,11
OldTown,11
传统Progressive,11
丰富,10
自然,10
纯粹,10
深夜,10
挑选,10
时刻,10
无限,10
同样,10
保持,10
合成器,10
少女,10
营造,10
一家,10
国际,10
小众,10
公布,10
代替,10
网站,10
受欢迎,10
主页,10
沉浸,10
自我,10
本单,10
史上,10
有着,10
选曲,10
挪威,10
精品,10
伦敦,10
重新,10
现代,10
东方,10
英雄,10
Never,10
Season,10
We,10
整个,10
音乐风格,10
变化,10
响起,10
漫步,10
按照,10
Good,10
励志,10
正是,10
唯一,10
经常,10
感动,10
女人,10
感情,10
之中,10
最高,10
Taylor,10
阵容,10
位置,10
暂时,10
星球,10
民谣,10
so,10
十分,10
补充,10
最火,10
人物,10
在家,10
看到,10
摇滚乐,10
令人,10
顺序排列,10
星河,10
Young,10
午后,10
Vlog,10
缺少,10
唱歌,10
帮助,10
传奇,10
蓝调,10
口味,10
音节,10
全球总决赛,10
总决赛主题曲,10
欢迎来到,10
atHome,10
TechHouse,10
WorldTogether,10
Togetherat,10
Lastof,10
ofUs,10
听觉,9
音量,9
内容,9
单主,9
效果,9
声线,9
Future,9
美妙,9
送给,9
星空,9
分别,9
选取,9
优秀,9
大概,9
原版,9
历史,9
This,9
剧情,9
放在,9
礼物,9
EA7,9
最终,9
不好,9
World,9
外文,9
悲伤,9
开车,9
ing,9
舞蹈,9
表现,9
研究,9
尽管,9
为什么,9
Way,9
听众,9
肯定,9
之间,9
Deadmau5,9
一名,9
排行榜,9
音效,9
星光,9
洗澡,9
海洋,9
之王,9
Here,9
from,9
花木兰,9
宁静,9
进入,9
Look,9
女性,9
伟大,9
超过,9
来到,9
般的,9
法国,9
对于,9
这份,9
同名,9
公司,9
用心,9
于是,9
诞生,9
经历,9
神仙,9
歌单介绍,9
化妆,9
偶尔,9
熟悉,9
Ellie,9
成长,9
了介绍,9
律动,9
整体,9
轻松,9
唱歌曲,9
Night,9
舒缓,9
over,9
美丽,9
资源,9
打败,9
限定,9
全部,9
Know,9
柔软,9
无论,9
一杯,9
新人,9
成功,9
Blue,9
记忆,9
Paul,9
动画,9
长大,9
日子,9
渐渐,9
参与,9
母亲,9
影视,9
演绎,9
心中,9
摇摆,9
欢乐,9
媒体,9
派对,9
建议随机,9
联盟全球,9
单曲循环,9
谢谢大家,9
小队哈莉,9
OneWorld,9
LetIt,9
PsyTrance,9
午夜飞行,9
领域,8
越来越,8
比如,8
容易,8
回家,8
心动,8
合成,8
不用,8
带有,8
不仅,8
等待,8
品味,8
听听,8
起源于,8
不可,8
失去,8
喜爱,8
节奏感,8
精挑细选,8
爆炸,8
身边,8
打游戏,8
一年,8
QQ,8
YouTube,8
排列,8
What,8
更好,8
哦介绍,8
强烈,8
画师,8
拯救,8
接触,8
大多,8
低音,8
活力,8
能量,8
出道,8
中文名,8
舞台,8
全世界,8
韩国,8
先生,8
瞬间,8
上头,8
学生,8
过程,8
Star,8
不想,8
团队,8
Will,8
如同,8
him,8
源于,8
百首,8
富有,8
除了,8
这张,8
他人,8
Hardstyle,8
拿下,8
成立,8
飘渺,8
如下,8
几个,8
沦陷,8
从未,8
安全,8
电视,8
直接,8
语言,8
some,8
月光,8
以下,8
离开,8
一颗,8
再见,8
Funk,8
our,8
演员,8
Do,8
格莱美奖,8
销量,8
必须,8
问题,8
大多数,8
终于,8
似乎,8
当代,8
Make,8
春天,8
第二,8
痛苦,8
世纪,8
以来,8
原唱,8
手机,8
此时,8
出自,8
五十,8
这首,8
周末,8
留下,8
魔法,8
优雅,8
家庭,8
西海岸,8
说唱乐,8
范围,8
当时,8
想起,8
Dream,8
黄昏,8
作者,8
惬意,8
主流,8
酒吧,8
剧集,8
预告片,8
类似,8
伴随,8
空间,8
Go,8
西语,8
背景,8
秘密,8
Baby,8
太空,8
Harley,8
Boy,8
跳舞,8
提到,8
甜蜜,8
总动员,8
至今,8
凭借,8
好莱坞,8
追求,8
Am,8
an,8
安娜,8
担任,8
免费,8
If,8
英剧,8
INFP,8
优质精选,8
精选曲目介绍,8
顺序播放,8
定时更新,8
带上耳机,8
世纪年代,8
LoveYou,8
哈莉奎茵,8
玩具总动员,8
真心半解,8
TweePop,8
TraditionalProgressive,8
英文冰雪,8
村上Radio,8
描述,7
例如,7
理解,7
那种,7
以后,7
Deep,7
爱上,7
深邃,7
速度,7
烦恼,7
面对,7
营销,7
荷兰,7
Van,7
de,7
建立,7
汤姆,7
实在,7
图片,7
清爽,7
绝对,7
不错,7
Party,7
Let,7
Hey,7
晚风,7
第一首,7
眼睛,7
高考,7
其它,7
汽水,7
可是,7
全新,7
就让,7
精灵,7
姐姐,7
网络,7
见谅,7
Synthwave,7
浪潮,7
相关,7
经过,7
看看,7
恋爱,7
第一次,7
每周,7
歌唱,7
百老汇,7
Bounce,7
各大,7
众多,7
标签,7
Tokyo,7
总有,7
事情,7
添加,7
计划,7
顶级,7
知名,7
模式,7
精致,7
融入,7
Disco,7
特征,7
便是,7
超燃,7
广泛,7
才能,7
有时候,7
神秘,7
开启,7
留言,7
周年,7
事物,7
那样,7
理想,7
彼此,7
一秒,7
life,7
无需,7
打造,7
疲惫,7
来源于,7
沉醉,7
进来,7
邪恶,7
煲机,7
吧介绍,7
不管,7
方便,7
社会,7
毕业,7
北美,7
往往,7
那里,7
气息,7
合唱,7
成员,7
Feeling,7
小调,7
云村,7
具有,7
featuring,7
Again,7
导演,7
Kiss,7
的介绍,7
每日,7
封面人物,7
WAVE,7
Flow,7
当下,7
姆爷,7
Eminem,7
十年,7
所在,7
展现,7
Vocal,7
柔情,7
乐坛,7
NF,7
Radio,7
变成,7
Back,7
设计,7
遇到,7
王国,7
缺失,7
集合,7
即将,7
冰冷,7
大海,7
路上,7
寂寞,7
森林,7
不了,7
同步,7
展开,7
父母,7
环境,7
EP,7
主角,7
预告,7
but,7
More,7
friend,7
People,7
动画电影,7
Connell,7
首播,7
幻想,7
过往,7
布鲁斯,7
穿越,7
分支,7
该片,7
Lounge,7
混合,7
概念,7
宣布,7
美剧,7
如何,7
小时,7
个性,7
Women,7
复杂,7
精选集,7
牙买加,7
首为,7
XXL,7
性感,7
莱卡,7
FutureHouse,7
AppleMusic,7
百大DJ,7
Thisis,7
日出生于,7
音乐奖最佳,7
收藏一下,7
Listento,7
表演曲目,7
MelodicRap,7
赛博朋克,7
BeginAgain3,7
梦幻流行,7
DreamPop,7
滚石杂志,7
侠盗车手,7
生于美国,7
获得幸福感,7
bassmusic,7
幻影忍者,7
意思,6
音响,6
保留,6
散步,6
音符,6
热歌,6
迷醉,6
此刻,6
更新介绍,6
达到,6
设备,6
硬核,6
不如,6
创立,6
不喜,6
愉快,6
设置,6
三年,6
程度,6
更加,6
上架,6
盘点,6
Faded,6
Summer,6
Now,6
Free,6
混剪,6
这么,6
魔力,6
听过,6
处于,6
了解,6
网友,6
国内,6
命名,6
方面,6
试听,6
同年,6
欧洲,6
专业,6
一部分,6
音乐家,6
漫长,6
天才,6
曲库,6
答案,6
怎么,6
拒绝,6
评价,6
Project,6
邀请,6
Remember,6
一片,6
夕阳,6
浩室,6
尝试,6
味道,6
唱腔,6
使得,6
合辑,6
呈现出,6
受到,6
生涯,6
本身,6
场景,6
构成,6
两首,6
重复,6
悄然,6
一共,6
今晚,6
Side,6
万评,6
愿意,6
从此,6
西部,6
一支,6
直到,6
是因为,6
思念,6
尽情,6
too,6
认真,6
Swift,6
全美,6
隔离,6
情况,6
到底,6
世间,6
坚持,6
碧梨,6
合集介绍,6
而已,6
古老,6
优美,6
艺术家,6
乐曲,6
天使,6
古典,6
团体,6
更换,6
不知,6
姐妹,6
意见,6
熬夜,6
Soundtrack,6
庆祝,6
等介绍,6
用来,6
青年,6
产生,6
上线,6
随性,6
Inside,6
仙女,6
风景,6
Forever,6
年轻人,6
流淌,6
真人,6
电视剧,6
日本,6
开学,6
抱歉,6
活动,6
生日,6
XXXTentacion,6
哪里,6
勇敢,6
情歌,6
南部,6
特殊,6
宝贝,6
出品,6
每集,6
上映,6
曲调,6
干净,6
市场,6
时期,6
随后,6
set,6
分为,6
最早,6
观众,6
一个月,6
三个,6
Feel,6
梦里,6
具体,6
怪物,6
强大,6
神经,6
完结,6
噪音,6
Fire,6
导师,6
Mix,6
回归,6
渴望,6
Ring,6
时空,6
名为,6
When,6
风情,6
忧愁,6
清晨,6
空灵,6
bilibili,6
随时,6
Joker,6
俱乐部,6
Man,6
这部,6
而且,6
窗外,6
Coldplay,6
静谧,6
一股,6
仙气,6
空气,6
her,6
普通人,6
奥斯卡,6
运用,6
美学,6
午夜,6
Cole,6
男孩,6
以前,6
片段,6
当年,6
Style,6
两人,6
Swing,6
艾莎,6
法语,6
艺名,6
热单,6
致命,6
Beach,6
快手,6
印度,6
Thing,6
诱惑,6
短暂,6
Serie,6
北欧,6
Name,6
千万,6
Angel,6
老师,6
电影院,6
Record,6
Reggae,6
漫威,6
欧美男,6
听觉盛宴,6
感谢收藏,6
全英音乐奖,6
录音室专辑,6
非常非常,6
个人喜好,6
欢迎关注,6
好听英文歌,6
唱片公司,6
EmoRap,6
DrumBass,6
年代最佳,6
同步更新,6
BillyRay,6
最佳流行,6
电影原声带,6
WithMe,6
Birdsof,6
ofPrey,6
ShawnMendes,6
无敌破坏,6
海洋奇缘,6
LOVEIS,6
主要风格,6
FutureBeats,6
声入人心,6
ItGo,6
最能获得,6
ElectroHouse,6
欧美女声,6
西部摇摆,6
第一次约会,6
简介摘自,6
摘自网络,6
欧美音乐,5
算是,5
抽象,5
Electronic,5
用于,5
傍晚,5
愉悦,5
健身,5
车载,5
近几年,5
即使,5
电吉他,5
下来,5
荣耀,5
唤醒,5
人介绍,5
相同,5
拥抱,5
深受,5
办法,5
后期,5
增加,5
清楚,5
百大,5
意外,5
动力,5
背后,5
一同,5
晚上,5
禁止,5
奇幻,5
纯音,5
迷失,5
是不是,5
状态,5
加拿大,5
社区,5
喜好,5
甜味,5
甜美,5
符合,5
放慢,5
突破,5
首张,5
出生地,5
hi,5
在于,5
体现,5
流畅,5
编曲,5
说明,5
制造,5
语种,5
作用,5
担心,5
Vicetone,5
传递,5
主播,5
call,5
偷偷,5
要求,5
联手,5
Air,5
die,5
难忘,5
文字,5
一丝,5
迪斯科,5
相当,5
气质,5
采样,5
至上,5
错过,5
不再,5
如今,5
小号,5
David,5
响指,5
勇气,5
放弃,5
能力,5
投票,5
金曲,5
音乐节,5
相结合,5
永不,5
代入,5
显得,5
田野,5
无尽,5
这次,5
驾车,5
释放,5
碰撞,5
安利,5
Dark,5
Real,5
自行,5
Shy,5
无人,5
日落,5
至少,5
情调,5
下午,5
起床,5
简直,5
训练,5
